kind	symbol	claim	premises	source_seam	witness_id	control_id	boundary
Rocq	RSDICT_DAWG_000_admitted_edges_decrease_rank	Every admitted physical edge decreases rank	FINITE_DAG;UNIQUE_EDGE_TOKENS	LockFreeDawgNode.edges;construction	DAWG_PROP_ACYCLIC	DAWG_MUT_CYCLE	Rank is a mathematical witness; test generation and source audit must establish admission
Rocq	RSDICT_DAWG_001_all_edge_tokens_counted	Each physical edge contributes its own strong token, including duplicate targets	FINITE_DAG;UNIQUE_EDGE_TOKENS	LockFreeDawgNode.edges	DAWG_PROP_SHARED_DAG	DAWG_MUT_DEDUP_EDGE	Arc counts are abstract; observable projection is exact-once destruction under sharing
Rocq	RSDICT_DAWG_002_retained_handle_adds_one_token	A retained node handle adds one owner	FINITE_DAG;FRESH_HANDLE	arc_from_cursor;root_arc	DAWG_PROP_RETAINED_ROOT	DAWG_MUT_RELEASE_RETAINED	Only valid for a live captured revision and fresh handle
Rocq	RSDICT_DAWG_003_into_inner_never_invokes_payload_drop	Consuming an edge with into_inner cannot synchronously invoke its child destructor	ARC_STANDARD_CONTRACT	LockFreeDawgNode.drop	DAWG_PROP_SHARED_RACE	DAWG_MUT_TRY_UNWRAP	Source correspondence is not proved until the production operation and race witness are checked
Rocq	RSDICT_DAWG_004_retained_owner_forces_shared_release	A remaining owner makes into_inner consume only its own token	ARC_STANDARD_CONTRACT;RETAINED_OWNER	LockFreeDawgNode.drop;root_arc	DAWG_PROP_RETAINED_ROOT	DAWG_MUT_RELEASE_RETAINED	Does not require or promise release of a holder retained by the application
Rocq	RSDICT_DAWG_005_one_safe_step_preserves_native_bound	Each modeled safe step preserves the two-frame native Drop bound	SAFE_EDGE_CORRESPONDENCE;NO_VALUE_REENTRANCY	LockFreeDawgNode.drop	DAWG_PROP_STACK_BOUND	DAWG_MUT_TRY_UNWRAP	Counts library-owned node Drop activations only, not arbitrary mapped-value callbacks
Rocq	RSDICT_DAWG_006_unbounded_safe_trace_native_bound	Any finite safe trace at arbitrary graph depth stays within two native Drop frames	SAFE_EDGE_CORRESPONDENCE;NO_VALUE_REENTRANCY	LockFreeDawgNode.drop	DAWG_PROP_STACK_BOUND	DAWG_MUT_TRY_UNWRAP	Unbounded proof is about the abstract step relation; Rust refinement remains necessary
Rocq	RSDICT_DAWG_007_safe_edge_source_correspondence_boundary	The proposed edge operation matches a non-recursive safe native step	ARC_STANDARD_CONTRACT;SAFE_EDGE_CORRESPONDENCE	LockFreeDawgNode.drop	DAWG_PROP_SHARED_RACE	DAWG_MUT_TRY_UNWRAP	This theorem states the source correspondence obligation; it does not discharge it for Rust
Rocq	RSDICT_DAWG_008_admitted_paths_are_acyclic	Every nonempty admitted path decreases rank	FINITE_DAG;UNIQUE_EDGE_TOKENS	LockFreeDawgNode.edges;construction	DAWG_PROP_ACYCLIC	DAWG_MUT_CYCLE	No claim about malformed manually fabricated cyclic Arc graphs
Rocq	RSDICT_DAWG_009_no_admitted_payload_cycle	An admitted graph has no payload cycle	FINITE_DAG;UNIQUE_EDGE_TOKENS	LockFreeDawgNode.edges;construction	DAWG_PROP_ACYCLIC	DAWG_MUT_CYCLE	Construction admission is a separate source/test obligation
Rocq	RSDICT_DAWG_010_published_and_captured_roots_count_separately	Published and captured roots are distinct strong owners	FRESH_HANDLE;LIVE_CAPTURE	GraphVersion.root;root_arc	DAWG_PROP_RETAINED_ROOT	DAWG_MUT_RELEASE_RETAINED	Arithmetic alone does not prove the source really creates or retains both handles
Rocq	RSDICT_DAWG_011_each_progress_step_strictly_decreases_potential	Every modeled non-stuttering reclamation step decreases potential	FINITE_DAG;COMPLETE_ACTION_MAP	LockFreeDawgNode.drop;GraphVersion.root	DAWG_PROP_COMPLETE_RECLAIM	DAWG_MUT_SKIP_WORK	Potential is ghost state, not a runtime budget or measured operation count
Rocq	RSDICT_DAWG_012_progress_trace_has_finite_step_budget	No infinite sequence of modeled non-stuttering reclamation steps exists	FINITE_DAG;COMPLETE_ACTION_MAP	LockFreeDawgNode.drop;GraphVersion.root	DAWG_PROP_COMPLETE_RECLAIM	DAWG_MUT_SKIP_WORK	Does not imply an application eventually releases its retained handles
Rocq	RSDICT_DAWG_013_lifecycle_step_preserves_strong_and_destroy_state	Every modeled Arc lifecycle step preserves strong-count and destruction phases	ARC_STANDARD_CONTRACT;COMPLETE_ACTION_MAP	LockFreeDawgNode.drop;arc_from_cursor	DAWG_PROP_EXACT_ONCE	DAWG_MUT_DOUBLE_DROP	Finite-state transition proof requires concrete ownership-operation correspondence
Rocq	RSDICT_DAWG_014_unbounded_lifecycle_has_no_premature_or_double_destroy	At any modeled trace length payload destruction is at most once and only after last owner	ARC_STANDARD_CONTRACT;COMPLETE_ACTION_MAP	LockFreeDawgNode.drop;root_arc	DAWG_PROP_EXACT_ONCE	DAWG_MUT_DOUBLE_DROP	Does not prove every payload is eventually destroyed while a holder remains
TLA	TypeOK	All variables remain in their declared model domains	BOUNDED_TLC_INSTANCE	LockFreeDawgNode.drop;GraphVersion.root	DAWG_PROP_MODEL_REPLAY	DAWG_MUT_MODEL_TYPE	Model-state shape is not directly observable from the public Rust API
TLA	ReferenceConservation	Each fixed token is either present or gone	BOUNDED_TLC_INSTANCE;UNIQUE_EDGE_TOKENS	LockFreeDawgNode.edges;arc_from_cursor	DAWG_PROP_SHARED_DAG	DAWG_MUT_DEDUP_EDGE	This partition equation alone is shallow; lifecycle predicates carry the nontrivial safety claim
TLA	RetainedSafety	A node with a remaining strong owner remains live	BOUNDED_TLC_INSTANCE;ARC_STANDARD_CONTRACT	GraphVersion.root;root_arc	DAWG_PROP_RETAINED_ROOT	DAWG_MUT_RELEASE_RETAINED	Model owner set must correspond to all source owning paths
TLA	ExactlyOnce	Each modeled payload is destroyed at most once	BOUNDED_TLC_INSTANCE;ARC_STANDARD_CONTRACT	LockFreeDawgNode.drop	DAWG_PROP_EXACT_ONCE	DAWG_MUT_DOUBLE_DROP	Bounded TLC alone is not the arbitrary-depth proof
TLA	PayloadLifecycle	Live and destroyed phases agree with strong count and destruction count	BOUNDED_TLC_INSTANCE;ARC_STANDARD_CONTRACT	LockFreeDawgNode.drop;GraphVersion.root	DAWG_PROP_EXACT_ONCE	DAWG_MUT_DOUBLE_DROP	Abstract phase labels are not directly exposed by Rust
TLA	InFlightEdgeHasFrame	Every pending or failed edge belongs to an active native frame	BOUNDED_TLC_INSTANCE;COMPLETE_ACTION_MAP	LockFreeDawgNode.drop	DAWG_PROP_SHARED_RACE	DAWG_MUT_ORPHAN_EDGE	Source edges must be audited through success, failure, and unwinding paths
TLA	EdgeLifecycle	Edge-token location agrees with source payload phase	BOUNDED_TLC_INSTANCE;COMPLETE_ACTION_MAP	LockFreeDawgNode.drop	DAWG_PROP_SHARED_DAG	DAWG_MUT_ORPHAN_EDGE	Source correspondence must include both edge loops and shared targets
TLA	NativeBound	Safe-policy peak node Drop activation count is at most two	BOUNDED_TLC_INSTANCE;NO_VALUE_REENTRANCY	LockFreeDawgNode.drop	DAWG_PROP_STACK_BOUND	DAWG_MUT_TRY_UNWRAP	TLC checks bounded instances; Rocq theorem 006 supplies the abstract unbounded induction
TLA	RecursiveDropBound	Unsafe-policy control should fail when failed Err release becomes the last owner	BOUNDED_TLC_INSTANCE;RACING_RELEASE	LockFreeDawgNode.drop	DAWG_PROP_UNSAFE_CONTROL	DAWG_MUT_TRY_UNWRAP	This is a negative control, not a safety invariant of the present source
TLA	AllDestroyed	Every modeled payload has reached the destroyed phase	BOUNDED_TLC_INSTANCE;ALL_HOLDERS_RELEASED	LockFreeDawgNode.drop;GraphVersion.root	DAWG_PROP_COMPLETE_RECLAIM	DAWG_MUT_SKIP_WORK	A helper observation, not an invariant before external holders release
TLA	ProgressEnabled	Unless all payloads are destroyed some non-stuttering model action remains enabled	BOUNDED_TLC_INSTANCE;FAIR_NEXT	LockFreeDawgNode.drop;GraphVersion.root	DAWG_PROP_COMPLETE_RECLAIM	DAWG_MUT_SKIP_WORK	TLC enabledness on finite instances does not prove arbitrary-size source enabledness
TLA	EventuallyDestroyed	Under weak fairness and eventual holder release every modeled payload is destroyed	BOUNDED_TLC_INSTANCE;FAIR_NEXT;ALL_HOLDERS_RELEASED	LockFreeDawgNode.drop;GraphVersion.root	DAWG_PROP_COMPLETE_RECLAIM	DAWG_MUT_SKIP_WORK	No liveness guarantee while the application retains a handle or scheduler fairness fails
