# path	kind	pattern	count	contract
src/bindings.rs	unsafe_block	assert_eq!(unsafe { context_strong_count(captured) }, 1);	1	abi-test-context-probe
src/bindings.rs	unsafe_block	assert_eq!(unsafe { context_strong_count(copied) }, 1);	1	abi-test-context-probe
src/bindings.rs	unsafe_block	assert_eq!(unsafe { context_strong_count(copied) }, 2);	1	abi-test-context-probe
src/bindings.rs	unsafe_block	assert_eq!(unsafe { context_strong_count(copied_again) }, 1);	1	abi-test-context-probe
src/bindings.rs	unsafe_block	assert_eq!(unsafe { context_strong_count(first.as_raw()) }, 1);	1	abi-test-context-probe
src/bindings.rs	unsafe_block	assert_eq!(unsafe { context_strong_count(nested) }, 1);	1	abi-test-context-probe
src/bindings.rs	unsafe_block	assert_eq!(unsafe { context_strong_count(resource.as_raw()) }, 1);	1	abi-test-context-probe
src/bindings.rs	unsafe_block	assert_eq!(unsafe { context_strong_count(second.as_raw()) }, 1);	2	abi-test-context-probe
src/bindings.rs	unsafe_block	let (is_final, total) = unsafe {	1	abi-snapshot-cursor-validation
src/bindings.rs	unsafe_block	let captured_context = unsafe { &*captured.raw.context.cast::<ResourceContext>() };	1	abi-test-context-probe
src/bindings.rs	unsafe_block	let captured_observer = unsafe { context_weak_observer(captured) };	1	abi-test-context-probe
src/bindings.rs	unsafe_block	let context = unsafe { &*context.cast::<ResourceContext>() };	1	abi-byte-value-copy
src/bindings.rs	unsafe_block	let context = unsafe { &*self.raw.context.cast::<ResourceContext>() };	1	abi-owned-resource-release-once
src/bindings.rs	unsafe_block	let graph_vtable = unsafe { &*graph_vtable.cast::<VtDictionaryGraphVTable>() };	1	abi-test-context-probe
src/bindings.rs	unsafe_block	let live = unsafe { &*dynamic_resource.raw.context.cast::<ResourceContext>() };	1	abi-test-context-probe
src/bindings.rs	unsafe_block	let live = unsafe { &*resource.raw.context.cast::<ResourceContext>() };	11	abi-test-context-probe
src/bindings.rs	unsafe_block	let nested_observer = unsafe { context_weak_observer(nested) };	1	abi-test-context-probe
src/bindings.rs	unsafe_block	let nodes = unsafe { std::slice::from_raw_parts(first.nodes, first.node_count) };	1	abi-test-context-probe
src/bindings.rs	unsafe_block	let observer = unsafe { context_weak_observer(first.as_raw()) };	1	abi-test-context-probe
src/bindings.rs	unsafe_block	let query = unsafe { (*resource.raw.vtable).query_interface.unwrap() };	1	abi-test-context-probe
src/bindings.rs	unsafe_block	let result = unsafe { self.root.snapshot_cursor_transition(cursor, label) }	1	abi-snapshot-cursor-validation
src/bindings.rs	unsafe_block	let snapshot_query = unsafe { (*captured.vtable).query_interface.unwrap() };	1	abi-test-context-probe
src/bindings.rs	unsafe_block	let status = unsafe {	2	abi-byte-value-copy
src/bindings.rs	unsafe_block	let status = unsafe { dictionary_snapshot(captured.context, &mut nested) };	1	abi-test-context-probe
src/bindings.rs	unsafe_block	let status = unsafe { dictionary_snapshot(resource.raw.context, &mut captured) };	1	abi-test-context-probe
src/bindings.rs	unsafe_block	let value = unsafe { root.snapshot_graph_cursor_value(graph, cursor) }	1	abi-byte-value-copy
src/bindings.rs	unsafe_block	let value = unsafe { root.snapshot_graph_cursor_value(graph, dense_cursor) }	1	abi-snapshot-cursor-validation
src/bindings.rs	unsafe_block	let vtable = unsafe { &*dictionary_vtable(domain, VtValueDomain::OptionalU64, flags) };	1	abi-test-context-probe
src/bindings.rs	unsafe_block	unsafe {	2	abi-test-context-probe
src/bindings.rs	unsafe_block	unsafe { &*dictionary_vtable(domain, VtValueDomain::OptionalU64, requested) };	1	abi-test-context-probe
src/bindings.rs	unsafe_block	unsafe { dictionary_root_status(captured.raw.context, &mut abi_root) },	1	abi-test-context-probe
src/bindings.rs	unsafe_block	unsafe { dictionary_snapshot(resource.raw.context, &mut captured) },	1	abi-test-context-probe
src/bindings.rs	unsafe_block	unsafe { graph(captured.context, &mut first) },	1	abi-test-context-probe
src/bindings.rs	unsafe_block	unsafe { graph(captured.context, &mut second) },	1	abi-test-context-probe
src/bindings.rs	unsafe_block	unsafe { out_has_value.write(u8::from(value.is_some())) };	1	abi-byte-value-copy
src/bindings.rs	unsafe_block	unsafe { out_required.write(bytes.len()) };	1	abi-byte-value-copy
src/bindings.rs	unsafe_block	unsafe { out_written.write(0) };	1	abi-byte-value-copy
src/bindings.rs	unsafe_block	unsafe { out_written.write(bytes.len()) };	1	abi-byte-value-copy
src/bindings.rs	unsafe_block	unsafe { resource_release(captured.context) };	2	abi-test-context-probe
src/bindings.rs	unsafe_block	unsafe { resource_release(copied.context) };	1	abi-test-context-probe
src/bindings.rs	unsafe_block	unsafe { resource_release(nested.context) };	1	abi-test-context-probe
src/bindings.rs	unsafe_block	unsafe { resource_release(self.raw.context) };	1	abi-owned-resource-release-once
src/bindings.rs	unsafe_block	unsafe { resource_release(std::ptr::null_mut()) };	1	abi-test-context-probe
src/bindings.rs	unsafe_block	unsafe { resource_retain(copied.context) };	1	abi-test-context-probe
src/bindings.rs	unsafe_block	unsafe { resource_retain(std::ptr::null_mut()) };	1	abi-test-context-probe
src/bindings.rs	unsafe_block	unsafe { self.root.snapshot_cursor_is_final(cursor) }.ok_or(VtStatus::Unsupported)	1	abi-snapshot-cursor-validation
src/bindings.rs	unsafe_block	unsafe { self.root.snapshot_cursor_value(cursor) }.ok_or(VtStatus::Unsupported)?;	2	abi-snapshot-cursor-validation
src/bindings.rs	unsafe_block	unsafe { std::ptr::copy_nonoverlapping(bytes.as_ptr(), out_bytes, bytes.len()) };	1	abi-byte-value-copy
src/bindings.rs	unsafe_block	unsafe { value(captured.context, 0, &mut output) },	1	abi-test-context-probe
src/bindings.rs	unsafe_block	unsafe { value(captured.context, node.value_cursor, &mut output) },	1	abi-test-context-probe
src/bindings.rs	unsafe_block	unsafe { value(captured.context, u64::MAX, &mut output) },	1	abi-test-context-probe
src/bindings.rs	unsafe_extern_fn	unsafe extern "C" fn dictionary_edges(	1	abi-producer-callback-body
src/bindings.rs	unsafe_extern_fn	unsafe extern "C" fn dictionary_graph(	1	abi-producer-callback-body
src/bindings.rs	unsafe_extern_fn	unsafe extern "C" fn dictionary_graph_value(	1	abi-producer-callback-body
src/bindings.rs	unsafe_extern_fn	unsafe extern "C" fn dictionary_graph_value_bytes(	1	abi-byte-value-copy
src/bindings.rs	unsafe_extern_fn	unsafe extern "C" fn dictionary_is_final(	1	abi-producer-callback-body
src/bindings.rs	unsafe_extern_fn	unsafe extern "C" fn dictionary_len(	1	abi-producer-callback-body
src/bindings.rs	unsafe_extern_fn	unsafe extern "C" fn dictionary_node_value_bytes(	1	abi-byte-value-copy
src/bindings.rs	unsafe_extern_fn	unsafe extern "C" fn dictionary_root(context: *mut c_void, out_node: *mut u64) -> u32 {	1	abi-producer-callback-body
src/bindings.rs	unsafe_extern_fn	unsafe extern "C" fn dictionary_snapshot(	1	abi-producer-callback-body
src/bindings.rs	unsafe_extern_fn	unsafe extern "C" fn dictionary_snapshot_identity(	1	abi-producer-callback-body
src/bindings.rs	unsafe_extern_fn	unsafe extern "C" fn dictionary_transition(	1	abi-producer-callback-body
src/bindings.rs	unsafe_extern_fn	unsafe extern "C" fn dictionary_value(	1	abi-producer-callback-body
src/bindings.rs	unsafe_extern_fn	unsafe extern "C" fn dictionary_visit(	1	abi-producer-callback-body
src/bindings.rs	unsafe_extern_fn	unsafe extern "C" fn query_interface(	1	abi-producer-callback-body
src/bindings.rs	unsafe_extern_fn	unsafe extern "C" fn resource_release(context: *mut c_void) {	1	abi-owned-resource-release-once
src/bindings.rs	unsafe_extern_fn	unsafe extern "C" fn resource_retain(context: *mut c_void) {	1	abi-owned-resource-release-once
src/bindings.rs	unsafe_fn	unsafe fn context_strong_count(raw: VtResource) -> usize {	1	abi-test-context-probe
src/bindings.rs	unsafe_fn	unsafe fn context_weak_observer(raw: VtResource) -> std::sync::Weak<ResourceContext> {	1	abi-test-context-probe
src/bindings.rs	unsafe_fn	unsafe fn copy_byte_value(	1	abi-byte-value-copy
src/bindings.rs	unsafe_fn	unsafe fn dictionary_edges_status(	1	abi-producer-callback-body
src/bindings.rs	unsafe_fn	unsafe fn dictionary_is_final_status(	1	abi-producer-callback-body
src/bindings.rs	unsafe_fn	unsafe fn dictionary_len_status(	1	abi-producer-callback-body
src/bindings.rs	unsafe_fn	unsafe fn dictionary_root_status(context: *mut c_void, out_node: *mut u64) -> VtStatus {	1	abi-producer-callback-body
src/bindings.rs	unsafe_fn	unsafe fn dictionary_snapshot_status(	1	abi-producer-callback-body
src/bindings.rs	unsafe_fn	unsafe fn dictionary_transition_status(	1	abi-producer-callback-body
src/bindings.rs	unsafe_fn	unsafe fn dictionary_value_status(	1	abi-producer-callback-body
src/bindings.rs	unsafe_fn	unsafe fn dictionary_visit_status(	1	abi-producer-callback-body
src/bindings.rs	unsafe_fn	unsafe fn query_interface_status(	1	abi-producer-callback-body
src/bindings/entries.rs	unsafe_block	Ok(unsafe { &mut *cursor.context.cast::<EntryCursorState>() })	1	abi-entry-cursor-provider-ownership
src/bindings/entries.rs	unsafe_block	let callback_raw = unsafe { reducer(reducer_context, &batch) };	1	abi-entry-cursor-provider-ownership
src/bindings/entries.rs	unsafe_block	let cursor = unsafe { &mut *cursor };	1	abi-entry-cursor-provider-ownership
src/bindings/entries.rs	unsafe_block	let handle = unsafe { &mut *cursor };	1	abi-entry-cursor-provider-ownership
src/bindings/entries.rs	unsafe_block	let limits = unsafe { *limits };	1	abi-entry-cursor-provider-ownership
src/bindings/entries.rs	unsafe_block	let release = unsafe { release_batch_status(cursor, batch.generation) };	1	abi-entry-cursor-provider-ownership
src/bindings/entries.rs	unsafe_block	let resource = unsafe { &*resource_context.cast::<ResourceContext>() };	1	abi-entry-cursor-provider-ownership
src/bindings/entries.rs	unsafe_block	let state = match unsafe { state_mut(cursor) } {	2	abi-entry-cursor-provider-ownership
src/bindings/entries.rs	unsafe_block	let state = unsafe { &mut *handle.context.cast::<EntryCursorState>() };	1	abi-entry-cursor-provider-ownership
src/bindings/entries.rs	unsafe_block	match unsafe { next_batch_status(cursor, limits, &mut batch) } {	1	abi-entry-cursor-provider-ownership
src/bindings/entries.rs	unsafe_block	match unsafe { state_mut(cursor) } {	1	abi-entry-cursor-provider-ownership
src/bindings/entries.rs	unsafe_block	unsafe {	1	abi-entry-cursor-provider-ownership
src/bindings/entries.rs	unsafe_block	unsafe { drop(Box::from_raw(context.cast::<EntryCursorState>())) };	1	abi-entry-cursor-provider-ownership
src/bindings/entries.rs	unsafe_block	unsafe { next_batch_status(cursor, limits, out_batch) }.to_raw()	1	abi-entry-cursor-provider-ownership
src/bindings/entries.rs	unsafe_block	unsafe { out_batch.write(VtDictionaryEntryBatchView::default()) };	1	abi-entry-cursor-provider-ownership
src/bindings/entries.rs	unsafe_block	unsafe { out_batch.write(state.view(generation)) };	1	abi-entry-cursor-provider-ownership
src/bindings/entries.rs	unsafe_block	unsafe { out_count.write(0) };	1	abi-entry-cursor-provider-ownership
src/bindings/entries.rs	unsafe_block	unsafe { out_count.write(count) };	2	abi-entry-cursor-provider-ownership
src/bindings/entries.rs	unsafe_block	unsafe { release_batch_status(cursor, generation) }.to_raw()	1	abi-entry-cursor-provider-ownership
src/bindings/entries.rs	unsafe_extern_fn	pub(super) unsafe extern "C" fn cancel(cursor: *mut VtDictionaryEntriesCursor) -> u32 {	1	abi-entry-cursor-provider-ownership
src/bindings/entries.rs	unsafe_extern_fn	pub(super) unsafe extern "C" fn close(cursor: *mut VtDictionaryEntriesCursor) -> u32 {	1	abi-entry-cursor-provider-ownership
src/bindings/entries.rs	unsafe_extern_fn	pub(super) unsafe extern "C" fn next_batch(	1	abi-entry-cursor-provider-ownership
src/bindings/entries.rs	unsafe_extern_fn	pub(super) unsafe extern "C" fn open(	1	abi-entry-cursor-provider-ownership
src/bindings/entries.rs	unsafe_extern_fn	pub(super) unsafe extern "C" fn reduce(	1	abi-entry-cursor-provider-ownership
src/bindings/entries.rs	unsafe_extern_fn	pub(super) unsafe extern "C" fn release_batch(	1	abi-entry-cursor-provider-ownership
src/bindings/entries.rs	unsafe_fn	unsafe fn next_batch_status(	1	abi-entry-cursor-provider-ownership
src/bindings/entries.rs	unsafe_fn	unsafe fn release_batch_status(	1	abi-entry-cursor-provider-ownership
src/bindings/entries.rs	unsafe_fn	unsafe fn state_mut<'a>(	1	abi-entry-cursor-provider-ownership
src/bindings/entries_bytes.rs	unsafe_block	let handle = unsafe { &mut *cursor };	2	abi-byte-entry-cursor-provider-ownership
src/bindings/entries_bytes.rs	unsafe_block	let limits = unsafe { *limits };	1	abi-byte-entry-cursor-provider-ownership
src/bindings/entries_bytes.rs	unsafe_block	let raw = unsafe { reducer(reducer_context, &batch) };	1	abi-byte-entry-cursor-provider-ownership
src/bindings/entries_bytes.rs	unsafe_block	let release = unsafe { release_status(cursor, batch.generation) };	1	abi-byte-entry-cursor-provider-ownership
src/bindings/entries_bytes.rs	unsafe_block	let resource = unsafe { &*resource_context.cast::<ResourceContext>() };	1	abi-byte-entry-cursor-provider-ownership
src/bindings/entries_bytes.rs	unsafe_block	let state = match unsafe { state_mut(cursor) } {	3	abi-byte-entry-cursor-provider-ownership
src/bindings/entries_bytes.rs	unsafe_block	let state = unsafe { &mut *(*cursor).context.cast::<State>() };	1	abi-byte-entry-cursor-provider-ownership
src/bindings/entries_bytes.rs	unsafe_block	let state = unsafe { &mut *handle.context.cast::<State>() };	2	abi-byte-entry-cursor-provider-ownership
src/bindings/entries_bytes.rs	unsafe_block	match unsafe { next_status(cursor, limits, &mut batch) } {	1	abi-byte-entry-cursor-provider-ownership
src/bindings/entries_bytes.rs	unsafe_block	match unsafe { state_mut(cursor) } {	1	abi-byte-entry-cursor-provider-ownership
src/bindings/entries_bytes.rs	unsafe_block	unsafe {	1	abi-byte-entry-cursor-provider-ownership
src/bindings/entries_bytes.rs	unsafe_block	unsafe { drop(Box::from_raw(context.cast::<State>())) };	1	abi-byte-entry-cursor-provider-ownership
src/bindings/entries_bytes.rs	unsafe_block	unsafe { next_status(cursor, limits, out_batch) }.to_raw()	1	abi-byte-entry-cursor-provider-ownership
src/bindings/entries_bytes.rs	unsafe_block	unsafe { out_batch.write(VtDictionaryByteBatchView::default()) };	2	abi-byte-entry-cursor-provider-ownership
src/bindings/entries_bytes.rs	unsafe_block	unsafe { out_batch.write(state.view(generation)) };	1	abi-byte-entry-cursor-provider-ownership
src/bindings/entries_bytes.rs	unsafe_block	unsafe { out_count.write(count) };	2	abi-byte-entry-cursor-provider-ownership
src/bindings/entries_bytes.rs	unsafe_block	unsafe { release_status(cursor, generation) }.to_raw()	1	abi-byte-entry-cursor-provider-ownership
src/bindings/entries_bytes.rs	unsafe_extern_fn	unsafe extern "C" fn cancel(cursor: *mut VtDictionaryByteEntriesCursor) -> u32 {	1	abi-byte-entry-cursor-provider-ownership
src/bindings/entries_bytes.rs	unsafe_extern_fn	unsafe extern "C" fn close(cursor: *mut VtDictionaryByteEntriesCursor) -> u32 {	1	abi-byte-entry-cursor-provider-ownership
src/bindings/entries_bytes.rs	unsafe_extern_fn	unsafe extern "C" fn next_batch(	1	abi-byte-entry-cursor-provider-ownership
src/bindings/entries_bytes.rs	unsafe_extern_fn	unsafe extern "C" fn open(	1	abi-byte-entry-cursor-provider-ownership
src/bindings/entries_bytes.rs	unsafe_extern_fn	unsafe extern "C" fn reduce(	1	abi-byte-entry-cursor-provider-ownership
src/bindings/entries_bytes.rs	unsafe_extern_fn	unsafe extern "C" fn release_batch(	1	abi-byte-entry-cursor-provider-ownership
src/bindings/entries_bytes.rs	unsafe_fn	unsafe fn next_status(	1	abi-byte-entry-cursor-provider-ownership
src/bindings/entries_bytes.rs	unsafe_fn	unsafe fn release_status(cursor: *mut VtDictionaryByteEntriesCursor, generation: u64) -> VtStatus {	1	abi-byte-entry-cursor-provider-ownership
src/bindings/entries_bytes.rs	unsafe_fn	unsafe fn state_mut<'a>(	1	abi-byte-entry-cursor-provider-ownership
src/collection.rs	unsafe_block	let edges = unsafe { graph.edges_and_finality_unchecked(frame.cursor) };	1	snapshot-dense-cursor-contract
src/collection.rs	unsafe_block	let is_final = unsafe {	1	snapshot-dense-cursor-contract
src/collection.rs	unsafe_block	unsafe {	2	snapshot-dense-cursor-contract
src/concurrent_slots.rs	unsafe_block	(unsafe { &*canonical }, installed)	1	concurrent-slots-raw-box-ownership
src/concurrent_slots.rs	unsafe_block	current = unsafe { (*current).next.load(Ordering::Relaxed) };	1	concurrent-slots-raw-box-ownership
src/concurrent_slots.rs	unsafe_block	let chunk = unsafe { &*current };	2	concurrent-slots-raw-box-ownership
src/concurrent_slots.rs	unsafe_block	let mut chunk = unsafe { Box::from_raw(current) };	1	concurrent-slots-raw-box-ownership
src/concurrent_slots.rs	unsafe_block	return Some(*unsafe { Box::from_raw(pointer) });	1	concurrent-slots-raw-box-ownership
src/concurrent_slots.rs	unsafe_block	unsafe { (*candidate).next.store(head, Ordering::Relaxed) };	1	concurrent-slots-raw-box-ownership
src/concurrent_slots.rs	unsafe_block	unsafe { (*chunk).slots[offset].get() }	1	concurrent-slots-raw-box-ownership
src/concurrent_slots.rs	unsafe_block	unsafe { (*chunk).slots[offset].publish_if_absent(value) }	1	concurrent-slots-raw-box-ownership
src/concurrent_slots.rs	unsafe_block	unsafe { (*chunk).slots[offset].publish_if_absent_with_status(value) }	1	concurrent-slots-raw-box-ownership
src/concurrent_slots.rs	unsafe_block	unsafe { drop(Box::from_raw(candidate)) };	3	concurrent-slots-raw-box-ownership
src/concurrent_slots.rs	unsafe_block	unsafe { drop(Box::from_raw(pointer)) };	2	concurrent-slots-raw-box-ownership
src/concurrent_slots.rs	unsafe_block	unsafe { self.pointer.load(Ordering::Acquire).as_ref() }	1	concurrent-slots-raw-box-ownership
src/double_array_trie/ascii.rs	unsafe_block	let finality = unsafe {	2	snapshot-dat-sealed-layout
src/double_array_trie/ascii.rs	unsafe_block	let materialized = unsafe { owner.snapshot_cursor_node(cursor) }.expect("valid node");	1	snapshot-dat-sealed-layout
src/double_array_trie/ascii.rs	unsafe_block	let shared = unsafe { DATShared::from_builder_parts_unchecked(raw, term_count) };	2	snapshot-dat-sealed-layout
src/double_array_trie/ascii.rs	unsafe_block	let state = unsafe { self.shared.traversal_state(cursor) }?;	1	snapshot-dat-sealed-layout
src/double_array_trie/ascii.rs	unsafe_block	unsafe {	2	snapshot-dat-sealed-layout
src/double_array_trie/ascii.rs	unsafe_block	unsafe { owner.snapshot_cursor_key_units(cursor) },	1	snapshot-dat-sealed-layout
src/double_array_trie/ascii.rs	unsafe_block	unsafe { owner.snapshot_cursor_value(cursor) },	1	snapshot-dat-sealed-layout
src/double_array_trie/ascii.rs	unsafe_block	unsafe { self.shared.traversal_cursor_is_final(cursor) }	1	snapshot-dat-sealed-layout
src/double_array_trie/ascii.rs	unsafe_block	unsafe { self.shared.traversal_cursor_key_units(cursor, self.state) }	1	snapshot-dat-sealed-layout
src/double_array_trie/ascii.rs	unsafe_block	unsafe { self.shared.traversal_cursor_transition(cursor, label) }	1	snapshot-dat-sealed-layout
src/double_array_trie/ascii.rs	unsafe_block	unsafe { self.shared.traversal_cursor_value(cursor) }	1	snapshot-dat-sealed-layout
src/double_array_trie/ascii.rs	unsafe_block	unsafe { subtree.snapshot_cursor_key_units(subtree_cursor) },	1	snapshot-dat-sealed-layout
src/double_array_trie/ascii.rs	unsafe_fn	unsafe fn filter_map_snapshot_cursor_edges_and_finality<T, P, F>(	1	snapshot-dat-sealed-layout
src/double_array_trie/ascii.rs	unsafe_fn	unsafe fn snapshot_cursor_is_final(&self, cursor: SnapshotTraversalCursor) -> Option<bool> {	1	snapshot-dat-sealed-layout
src/double_array_trie/ascii.rs	unsafe_fn	unsafe fn snapshot_cursor_key_units(	1	snapshot-dat-sealed-layout
src/double_array_trie/ascii.rs	unsafe_fn	unsafe fn snapshot_cursor_node(&self, cursor: SnapshotTraversalCursor) -> Option<Self> {	1	snapshot-dat-sealed-layout
src/double_array_trie/ascii.rs	unsafe_fn	unsafe fn snapshot_cursor_transition(	1	snapshot-dat-sealed-layout
src/double_array_trie/ascii.rs	unsafe_fn	unsafe fn snapshot_cursor_value(	1	snapshot-dat-sealed-layout
src/double_array_trie/ascii.rs	unsafe_fn	unsafe fn visit_snapshot_cursor_edge_page<F>(	1	snapshot-dat-sealed-layout
src/double_array_trie/char.rs	unsafe_block	let finality = unsafe {	2	snapshot-dat-sealed-layout
src/double_array_trie/char.rs	unsafe_block	let materialized = unsafe { owner.snapshot_cursor_node(cursor) }.expect("valid node");	1	snapshot-dat-sealed-layout
src/double_array_trie/char.rs	unsafe_block	let shared = unsafe { DATSharedChar::from_builder_parts_unchecked(raw, 0) };	2	snapshot-dat-sealed-layout
src/double_array_trie/char.rs	unsafe_block	let shared = unsafe { DATSharedChar::from_builder_parts_unchecked(raw, num_terms) };	1	snapshot-dat-sealed-layout
src/double_array_trie/char.rs	unsafe_block	let state = unsafe { self.shared.traversal_state(cursor) }?;	1	snapshot-dat-sealed-layout
src/double_array_trie/char.rs	unsafe_block	unsafe {	2	snapshot-dat-sealed-layout
src/double_array_trie/char.rs	unsafe_block	unsafe { owner.snapshot_cursor_key_units(cursor) },	1	snapshot-dat-sealed-layout
src/double_array_trie/char.rs	unsafe_block	unsafe { owner.snapshot_cursor_value(cursor) },	1	snapshot-dat-sealed-layout
src/double_array_trie/char.rs	unsafe_block	unsafe { self.shared.traversal_cursor_is_final(cursor) }	1	snapshot-dat-sealed-layout
src/double_array_trie/char.rs	unsafe_block	unsafe { self.shared.traversal_cursor_key_units(cursor, self.state) }	1	snapshot-dat-sealed-layout
src/double_array_trie/char.rs	unsafe_block	unsafe { self.shared.traversal_cursor_transition(cursor, label) }	1	snapshot-dat-sealed-layout
src/double_array_trie/char.rs	unsafe_block	unsafe { self.shared.traversal_cursor_value(cursor) }	1	snapshot-dat-sealed-layout
src/double_array_trie/char.rs	unsafe_block	unsafe { subtree.snapshot_cursor_key_units(subtree_cursor) },	1	snapshot-dat-sealed-layout
src/double_array_trie/char.rs	unsafe_fn	unsafe fn filter_map_snapshot_cursor_edges_and_finality<T, P, F>(	1	snapshot-dat-sealed-layout
src/double_array_trie/char.rs	unsafe_fn	unsafe fn snapshot_cursor_is_final(&self, cursor: SnapshotTraversalCursor) -> Option<bool> {	1	snapshot-dat-sealed-layout
src/double_array_trie/char.rs	unsafe_fn	unsafe fn snapshot_cursor_key_units(	1	snapshot-dat-sealed-layout
src/double_array_trie/char.rs	unsafe_fn	unsafe fn snapshot_cursor_node(&self, cursor: SnapshotTraversalCursor) -> Option<Self> {	1	snapshot-dat-sealed-layout
src/double_array_trie/char.rs	unsafe_fn	unsafe fn snapshot_cursor_transition(	1	snapshot-dat-sealed-layout
src/double_array_trie/char.rs	unsafe_fn	unsafe fn snapshot_cursor_value(	1	snapshot-dat-sealed-layout
src/double_array_trie/char.rs	unsafe_fn	unsafe fn visit_snapshot_cursor_edge_page<F>(	1	snapshot-dat-sealed-layout
src/double_array_trie/core/shared.rs	unsafe_block	Some(unsafe { *self.raw.is_final.get_unchecked(state) })	1	snapshot-dat-sealed-layout
src/double_array_trie/core/shared.rs	unsafe_block	Some(unsafe { self.raw.values.get_unchecked(state) }.clone())	1	snapshot-dat-sealed-layout
src/double_array_trie/core/shared.rs	unsafe_block	Some(unsafe { self.trusted_state(cursor) })	1	snapshot-dat-sealed-layout
src/double_array_trie/core/shared.rs	unsafe_block	let base = unsafe { *self.raw.base.get_unchecked(state) };	3	snapshot-dat-sealed-layout
src/double_array_trie/core/shared.rs	unsafe_block	let child = unsafe { SnapshotTraversalCursor::new(next + 1).unwrap_unchecked() };	2	snapshot-dat-sealed-layout
src/double_array_trie/core/shared.rs	unsafe_block	let is_final = unsafe { *self.raw.is_final.get_unchecked(state) };	2	snapshot-dat-sealed-layout
src/double_array_trie/core/shared.rs	unsafe_block	let labels = unsafe { self.raw.edges.get_unchecked(state) };	2	snapshot-dat-sealed-layout
src/double_array_trie/core/shared.rs	unsafe_block	let mut state = unsafe { self.trusted_state(cursor) };	1	snapshot-dat-sealed-layout
src/double_array_trie/core/shared.rs	unsafe_block	let state = unsafe { self.trusted_state(cursor) };	5	snapshot-dat-sealed-layout
src/double_array_trie/core/shared.rs	unsafe_block	let trusted_final = unsafe {	1	snapshot-dat-sealed-layout
src/double_array_trie/core/shared.rs	unsafe_block	unsafe { ValidatedDATCoreShared::<u8, u32, 1>::from_builder_parts_unchecked(raw, 1) };	1	snapshot-dat-sealed-layout
src/double_array_trie/core/shared.rs	unsafe_fn	pub(crate) unsafe fn filter_map_traversal_cursor<T, P, F>(	1	snapshot-dat-sealed-layout
src/double_array_trie/core/shared.rs	unsafe_fn	pub(crate) unsafe fn from_builder_parts_unchecked(	1	snapshot-dat-sealed-layout
src/double_array_trie/core/shared.rs	unsafe_fn	pub(crate) unsafe fn traversal_cursor_is_final(	1	snapshot-dat-sealed-layout
src/double_array_trie/core/shared.rs	unsafe_fn	pub(crate) unsafe fn traversal_cursor_key_units(	1	snapshot-dat-sealed-layout
src/double_array_trie/core/shared.rs	unsafe_fn	pub(crate) unsafe fn traversal_cursor_transition(	1	snapshot-dat-sealed-layout
src/double_array_trie/core/shared.rs	unsafe_fn	pub(crate) unsafe fn traversal_cursor_value(	1	snapshot-dat-sealed-layout
src/double_array_trie/core/shared.rs	unsafe_fn	pub(crate) unsafe fn traversal_state(&self, cursor: SnapshotTraversalCursor) -> Option<usize> {	1	snapshot-dat-sealed-layout
src/double_array_trie/core/shared.rs	unsafe_fn	pub(crate) unsafe fn visit_traversal_cursor_edge_page<F>(	1	snapshot-dat-sealed-layout
src/double_array_trie/core/shared.rs	unsafe_fn	unsafe fn trusted_state(&self, cursor: SnapshotTraversalCursor) -> usize {	1	snapshot-dat-sealed-layout
src/dynamic_dawg/ascii.rs	unsafe_block	Some(unsafe {	2	snapshot-dawg-native-cursor-ownership
src/dynamic_dawg/ascii.rs	unsafe_block	Some(unsafe { LockFreeDawgNode::<u8, V>::cursor_edge_at(cursor, index) })	1	snapshot-retained-edge-range-token
src/dynamic_dawg/ascii.rs	unsafe_block	Some(unsafe { LockFreeDawgNode::<u8, V>::cursor_value(cursor) })	1	snapshot-dawg-native-cursor-ownership
src/dynamic_dawg/ascii.rs	unsafe_block	Some(unsafe { LockFreeDawgNode::<u8, V>::cursor_value(value_cursor) })	1	snapshot-dawg-native-cursor-ownership
src/dynamic_dawg/ascii.rs	unsafe_block	let metadata = unsafe {	1	snapshot-dawg-native-cursor-ownership
src/dynamic_dawg/ascii.rs	unsafe_block	let native = unsafe { LockFreeDawgNode::<u8, V>::cursor_edge_range_start(cursor) };	1	snapshot-retained-edge-range-token
src/dynamic_dawg/ascii.rs	unsafe_block	let native = unsafe { crate::SnapshotEdgeRangeToken::from_raw_parts(current, end) };	1	snapshot-retained-edge-range-token
src/dynamic_dawg/ascii.rs	unsafe_block	node: unsafe { LockFreeDawgNode::arc_from_cursor(cursor) },	1	snapshot-dawg-native-cursor-ownership
src/dynamic_dawg/ascii.rs	unsafe_block	unsafe { LockFreeDawgNode::<u8, V>::cursor_edge_range_step(native) };	1	snapshot-retained-edge-range-token
src/dynamic_dawg/ascii.rs	unsafe_block	unsafe { crate::SnapshotEdgeRangeToken::from_raw_parts(current, end) }	2	snapshot-retained-edge-range-token
src/dynamic_dawg/ascii.rs	unsafe_fn	unsafe fn filter_map_snapshot_cursor_edges_and_finality<T, P, F>(	1	snapshot-dawg-native-cursor-ownership
src/dynamic_dawg/ascii.rs	unsafe_fn	unsafe fn snapshot_cursor_edge_at(	1	snapshot-retained-edge-range-token
src/dynamic_dawg/ascii.rs	unsafe_fn	unsafe fn snapshot_cursor_edge_range_start(	1	snapshot-retained-edge-range-token
src/dynamic_dawg/ascii.rs	unsafe_fn	unsafe fn snapshot_cursor_edge_range_step(	1	snapshot-retained-edge-range-token
src/dynamic_dawg/ascii.rs	unsafe_fn	unsafe fn snapshot_cursor_node(&self, cursor: Self::SnapshotCursor) -> Option<Self> {	1	snapshot-dawg-native-cursor-ownership
src/dynamic_dawg/ascii.rs	unsafe_fn	unsafe fn snapshot_cursor_value(	1	snapshot-dawg-native-cursor-ownership
src/dynamic_dawg/ascii.rs	unsafe_fn	unsafe fn snapshot_graph_cursor_value(	1	snapshot-dawg-native-cursor-ownership
src/dynamic_dawg/ascii.rs	unsafe_fn	unsafe fn visit_snapshot_cursor_edge_page<F>(	1	snapshot-dawg-native-cursor-ownership
src/dynamic_dawg/char.rs	unsafe_block	Some(unsafe {	2	snapshot-dawg-native-cursor-ownership
src/dynamic_dawg/char.rs	unsafe_block	Some(unsafe { LockFreeDawgNode::<char, V>::cursor_value(cursor) })	1	snapshot-dawg-native-cursor-ownership
src/dynamic_dawg/char.rs	unsafe_block	Some(unsafe { LockFreeDawgNode::<char, V>::cursor_value(value_cursor) })	1	snapshot-dawg-native-cursor-ownership
src/dynamic_dawg/char.rs	unsafe_block	let native = unsafe { LockFreeDawgNode::<char, V>::cursor_edge_range_start(cursor) };	1	snapshot-retained-edge-range-token
src/dynamic_dawg/char.rs	unsafe_block	let native = unsafe { crate::SnapshotEdgeRangeToken::from_raw_parts(current, end) };	1	snapshot-retained-edge-range-token
src/dynamic_dawg/char.rs	unsafe_block	node: unsafe { LockFreeDawgNode::arc_from_cursor(cursor) },	1	snapshot-dawg-native-cursor-ownership
src/dynamic_dawg/char.rs	unsafe_block	unsafe { LockFreeDawgNode::<char, V>::cursor_edge_range_step(native) };	1	snapshot-retained-edge-range-token
src/dynamic_dawg/char.rs	unsafe_block	unsafe { crate::SnapshotEdgeRangeToken::from_raw_parts(current, end) }	2	snapshot-retained-edge-range-token
src/dynamic_dawg/char.rs	unsafe_fn	unsafe fn filter_map_snapshot_cursor_edges_and_finality<T, P, F>(	1	snapshot-dawg-native-cursor-ownership
src/dynamic_dawg/char.rs	unsafe_fn	unsafe fn snapshot_cursor_edge_range_start(	1	snapshot-retained-edge-range-token
src/dynamic_dawg/char.rs	unsafe_fn	unsafe fn snapshot_cursor_edge_range_step(	1	snapshot-retained-edge-range-token
src/dynamic_dawg/char.rs	unsafe_fn	unsafe fn snapshot_cursor_node(&self, cursor: Self::SnapshotCursor) -> Option<Self> {	1	snapshot-dawg-native-cursor-ownership
src/dynamic_dawg/char.rs	unsafe_fn	unsafe fn snapshot_cursor_value(	1	snapshot-dawg-native-cursor-ownership
src/dynamic_dawg/char.rs	unsafe_fn	unsafe fn snapshot_graph_cursor_value(	1	snapshot-dawg-native-cursor-ownership
src/dynamic_dawg/char.rs	unsafe_fn	unsafe fn visit_snapshot_cursor_edge_page<F>(	1	snapshot-dawg-native-cursor-ownership
src/dynamic_dawg/lockfree.rs	unsafe_block	Some(unsafe {	1	snapshot-retained-edge-range-token
src/dynamic_dawg/lockfree.rs	unsafe_block	Some(unsafe { crate::SnapshotEdgeRangeToken::from_raw_parts(current, end) })	1	snapshot-retained-edge-range-token
src/dynamic_dawg/lockfree.rs	unsafe_block	assert_eq!(unsafe { LockFreeDawgNode::cursor_value(cursor) }, Some(7));	1	snapshot-dawg-native-cursor-ownership
src/dynamic_dawg/lockfree.rs	unsafe_block	let (label, child) = unsafe { current.as_ref() };	1	snapshot-retained-edge-range-token
src/dynamic_dawg/lockfree.rs	unsafe_block	let advanced = unsafe { current.as_ptr().add(1) };	1	snapshot-retained-edge-range-token
src/dynamic_dawg/lockfree.rs	unsafe_block	let metadata = unsafe {	1	snapshot-retained-edge-range-token
src/dynamic_dawg/lockfree.rs	unsafe_block	let node = unsafe { pointer.as_ref() };	5	snapshot-dawg-native-cursor-ownership
src/dynamic_dawg/lockfree.rs	unsafe_block	let pointer = unsafe { cursor.node_pointer::<Self>() };	6	snapshot-dawg-native-cursor-ownership
src/dynamic_dawg/lockfree.rs	unsafe_block	let root_final = unsafe {	1	snapshot-dawg-native-cursor-ownership
src/dynamic_dawg/lockfree.rs	unsafe_block	let start = unsafe { LockFreeDawgNode::cursor_edge_range_start(cursor) };	2	snapshot-retained-edge-range-token
src/dynamic_dawg/lockfree.rs	unsafe_block	unsafe {	1	snapshot-dawg-native-cursor-ownership
src/dynamic_dawg/lockfree.rs	unsafe_block	unsafe { Arc::from_raw(pointer.as_ptr()) }	1	snapshot-dawg-native-cursor-ownership
src/dynamic_dawg/lockfree.rs	unsafe_block	unsafe { Arc::increment_strong_count(pointer.as_ptr()) };	1	snapshot-dawg-native-cursor-ownership
src/dynamic_dawg/lockfree.rs	unsafe_block	unsafe { LockFreeDawgNode::<u8, ()>::cursor_edge_range_step(token) };	2	snapshot-retained-edge-range-token
src/dynamic_dawg/lockfree.rs	unsafe_block	unsafe { std::ptr::NonNull::new_unchecked(edges.as_ptr().add(1) as *mut ()) };	1	snapshot-retained-edge-range-token
src/dynamic_dawg/lockfree.rs	unsafe_block	unsafe { std::ptr::NonNull::new_unchecked(edges.as_ptr().add(total) as *mut ()) };	1	snapshot-retained-edge-range-token
src/dynamic_dawg/lockfree.rs	unsafe_fn	pub(crate) unsafe fn arc_from_cursor(	1	snapshot-dawg-native-cursor-ownership
src/dynamic_dawg/lockfree.rs	unsafe_fn	pub(crate) unsafe fn cursor_edge_at(	1	snapshot-dawg-native-cursor-ownership
src/dynamic_dawg/lockfree.rs	unsafe_fn	pub(crate) unsafe fn cursor_edge_range_start(	1	snapshot-retained-edge-range-token
src/dynamic_dawg/lockfree.rs	unsafe_fn	pub(crate) unsafe fn cursor_edge_range_step(	1	snapshot-retained-edge-range-token
src/dynamic_dawg/lockfree.rs	unsafe_fn	pub(crate) unsafe fn cursor_value(cursor: super::DynamicDawgSnapshotCursor<U, V>) -> Option<V> {	1	snapshot-dawg-native-cursor-ownership
src/dynamic_dawg/lockfree.rs	unsafe_fn	pub(crate) unsafe fn filter_map_cursor_edges_and_finality<T, P, F>(	1	snapshot-dawg-native-cursor-ownership
src/dynamic_dawg/lockfree.rs	unsafe_fn	pub(crate) unsafe fn visit_cursor_edge_page<F>(	1	snapshot-dawg-native-cursor-ownership
src/dynamic_dawg/mod.rs	unsafe_fn	pub(crate) unsafe fn node_pointer<T>(self) -> std::ptr::NonNull<T> {	1	snapshot-dawg-native-cursor-ownership
src/dynamic_dawg/mod.rs	unsafe_impl	unsafe impl<U: Send + Sync, V: Send + Sync> Send for DynamicDawgSnapshotCursor<U, V> {}	1	snapshot-dawg-native-cursor-ownership
src/dynamic_dawg/mod.rs	unsafe_impl	unsafe impl<U: Send + Sync, V: Send + Sync> Sync for DynamicDawgSnapshotCursor<U, V> {}	1	snapshot-dawg-native-cursor-ownership
src/dynamic_dawg/u64.rs	unsafe_block	Some(unsafe {	1	snapshot-dawg-native-cursor-ownership
src/dynamic_dawg/u64.rs	unsafe_block	Some(unsafe { DawgNodeU64::<V>::visit_cursor_edge_page(cursor, start, capacity, visitor) })	1	snapshot-dawg-native-cursor-ownership
src/dynamic_dawg/u64.rs	unsafe_block	Some(unsafe { LockFreeDawgNode::<u64, V>::cursor_value(cursor) })	1	snapshot-dawg-native-cursor-ownership
src/dynamic_dawg/u64.rs	unsafe_block	Some(unsafe { LockFreeDawgNode::<u64, V>::cursor_value(value_cursor) })	1	snapshot-dawg-native-cursor-ownership
src/dynamic_dawg/u64.rs	unsafe_block	let (label, child, remaining) = unsafe { DawgNodeU64::<V>::cursor_edge_range_step(native) };	1	snapshot-retained-edge-range-token
src/dynamic_dawg/u64.rs	unsafe_block	let native = unsafe { DawgNodeU64::<V>::cursor_edge_range_start(cursor) };	1	snapshot-retained-edge-range-token
src/dynamic_dawg/u64.rs	unsafe_block	let native = unsafe { crate::SnapshotEdgeRangeToken::from_raw_parts(current, end) };	1	snapshot-retained-edge-range-token
src/dynamic_dawg/u64.rs	unsafe_block	node: unsafe { LockFreeDawgNode::arc_from_cursor(cursor) },	1	snapshot-dawg-native-cursor-ownership
src/dynamic_dawg/u64.rs	unsafe_block	unsafe { crate::SnapshotEdgeRangeToken::from_raw_parts(current, end) }	2	snapshot-retained-edge-range-token
src/dynamic_dawg/u64.rs	unsafe_fn	unsafe fn filter_map_snapshot_cursor_edges_and_finality<T, P, F>(	1	snapshot-dawg-native-cursor-ownership
src/dynamic_dawg/u64.rs	unsafe_fn	unsafe fn snapshot_cursor_edge_range_start(	1	snapshot-retained-edge-range-token
src/dynamic_dawg/u64.rs	unsafe_fn	unsafe fn snapshot_cursor_edge_range_step(	1	snapshot-retained-edge-range-token
src/dynamic_dawg/u64.rs	unsafe_fn	unsafe fn snapshot_cursor_node(&self, cursor: Self::SnapshotCursor) -> Option<Self> {	1	snapshot-dawg-native-cursor-ownership
src/dynamic_dawg/u64.rs	unsafe_fn	unsafe fn snapshot_cursor_value(	1	snapshot-dawg-native-cursor-ownership
src/dynamic_dawg/u64.rs	unsafe_fn	unsafe fn snapshot_graph_cursor_value(	1	snapshot-dawg-native-cursor-ownership
src/dynamic_dawg/u64.rs	unsafe_fn	unsafe fn visit_snapshot_cursor_edge_page<F>(	1	snapshot-dawg-native-cursor-ownership
src/ffi.rs	unsafe_extern_fn	pub unsafe extern "C" fn ldict_dictionary_algebra(	1	ffi-caller-pointer-contracts
src/ffi.rs	unsafe_extern_fn	pub unsafe extern "C" fn ldict_dictionary_capabilities(	1	ffi-caller-pointer-contracts
src/ffi.rs	unsafe_extern_fn	pub unsafe extern "C" fn ldict_dictionary_checkpoint(	1	ffi-caller-pointer-contracts
src/ffi.rs	unsafe_extern_fn	pub unsafe extern "C" fn ldict_dictionary_clear(dictionary: *mut LdictDictionary) -> LdictStatus {	1	ffi-caller-pointer-contracts
src/ffi.rs	unsafe_extern_fn	pub unsafe extern "C" fn ldict_dictionary_compact(	1	ffi-caller-pointer-contracts
src/ffi.rs	unsafe_extern_fn	pub unsafe extern "C" fn ldict_dictionary_contains_text(	1	ffi-caller-pointer-contracts
src/ffi.rs	unsafe_extern_fn	pub unsafe extern "C" fn ldict_dictionary_contains_u64(	1	ffi-caller-pointer-contracts
src/ffi.rs	unsafe_extern_fn	pub unsafe extern "C" fn ldict_dictionary_entries_open(	1	ffi-entry-cursor-handle-ownership
src/ffi.rs	unsafe_extern_fn	pub unsafe extern "C" fn ldict_dictionary_free(dictionary: *mut LdictDictionary) {	1	ffi-caller-pointer-contracts
src/ffi.rs	unsafe_extern_fn	pub unsafe extern "C" fn ldict_dictionary_get_text(	1	ffi-caller-pointer-contracts
src/ffi.rs	unsafe_extern_fn	pub unsafe extern "C" fn ldict_dictionary_get_text_value(	1	ffi-caller-pointer-contracts
src/ffi.rs	unsafe_extern_fn	pub unsafe extern "C" fn ldict_dictionary_get_u64(	1	ffi-caller-pointer-contracts
src/ffi.rs	unsafe_extern_fn	pub unsafe extern "C" fn ldict_dictionary_get_u64_value(	1	ffi-caller-pointer-contracts
src/ffi.rs	unsafe_extern_fn	pub unsafe extern "C" fn ldict_dictionary_insert_text(	1	ffi-caller-pointer-contracts
src/ffi.rs	unsafe_extern_fn	pub unsafe extern "C" fn ldict_dictionary_insert_text_batch(	1	ffi-caller-pointer-contracts
src/ffi.rs	unsafe_extern_fn	pub unsafe extern "C" fn ldict_dictionary_insert_text_value(	1	ffi-caller-pointer-contracts
src/ffi.rs	unsafe_extern_fn	pub unsafe extern "C" fn ldict_dictionary_insert_u64(	1	ffi-caller-pointer-contracts
src/ffi.rs	unsafe_extern_fn	pub unsafe extern "C" fn ldict_dictionary_insert_u64_batch(	1	ffi-caller-pointer-contracts
src/ffi.rs	unsafe_extern_fn	pub unsafe extern "C" fn ldict_dictionary_insert_u64_value(	1	ffi-caller-pointer-contracts
src/ffi.rs	unsafe_extern_fn	pub unsafe extern "C" fn ldict_dictionary_kind(	1	ffi-caller-pointer-contracts
src/ffi.rs	unsafe_extern_fn	pub unsafe extern "C" fn ldict_dictionary_len(	1	ffi-caller-pointer-contracts
src/ffi.rs	unsafe_extern_fn	pub unsafe extern "C" fn ldict_dictionary_remove_text(	1	ffi-caller-pointer-contracts
src/ffi.rs	unsafe_extern_fn	pub unsafe extern "C" fn ldict_dictionary_remove_u64(	1	ffi-caller-pointer-contracts
src/ffi.rs	unsafe_extern_fn	pub unsafe extern "C" fn ldict_dictionary_resource(	1	ffi-caller-pointer-contracts
src/ffi.rs	unsafe_extern_fn	pub unsafe extern "C" fn ldict_double_array_trie_new(	1	ffi-caller-pointer-contracts
src/ffi.rs	unsafe_extern_fn	pub unsafe extern "C" fn ldict_dynamic_dawg_new(	1	ffi-caller-pointer-contracts
src/ffi.rs	unsafe_extern_fn	pub unsafe extern "C" fn ldict_entry_cursor_cancel(cursor: *mut LdictEntryCursor) -> LdictStatus {	1	ffi-entry-cursor-handle-ownership
src/ffi.rs	unsafe_extern_fn	pub unsafe extern "C" fn ldict_entry_cursor_free(cursor: *mut LdictEntryCursor) -> LdictStatus {	1	ffi-entry-cursor-handle-ownership
src/ffi.rs	unsafe_extern_fn	pub unsafe extern "C" fn ldict_entry_cursor_next(	1	ffi-entry-cursor-handle-ownership
src/ffi.rs	unsafe_extern_fn	pub unsafe extern "C" fn ldict_entry_cursor_reduce(	1	ffi-entry-cursor-handle-ownership
src/ffi.rs	unsafe_extern_fn	pub unsafe extern "C" fn ldict_entry_cursor_release(	1	ffi-entry-cursor-handle-ownership
src/ffi.rs	unsafe_extern_fn	pub unsafe extern "C" fn ldict_pathmap_new(	1	ffi-caller-pointer-contracts
src/ffi.rs	unsafe_extern_fn	pub unsafe extern "C" fn ldict_persistent_artrie_create(	1	ffi-caller-pointer-contracts
src/ffi.rs	unsafe_extern_fn	pub unsafe extern "C" fn ldict_persistent_artrie_open(	1	ffi-caller-pointer-contracts
src/ffi.rs	unsafe_extern_fn	pub unsafe extern "C" fn ldict_persistent_vocab_create(	1	ffi-caller-pointer-contracts
src/ffi.rs	unsafe_extern_fn	pub unsafe extern "C" fn ldict_persistent_vocab_open(	1	ffi-caller-pointer-contracts
src/ffi.rs	unsafe_extern_fn	pub unsafe extern "C" fn ldict_scdawg_contains_substring(	1	ffi-caller-pointer-contracts
src/ffi.rs	unsafe_extern_fn	pub unsafe extern "C" fn ldict_scdawg_new(	1	ffi-caller-pointer-contracts
src/ffi.rs	unsafe_extern_fn	pub unsafe extern "C" fn ldict_scdawg_substring_frequency(	1	ffi-caller-pointer-contracts
src/ffi.rs	unsafe_extern_fn	pub unsafe extern "C" fn ldict_vocab_get_term(	1	ffi-caller-pointer-contracts
src/ffi.rs	unsafe_extern_fn	unsafe extern "C" fn entry_reducer_trampoline(	1	ffi-entry-cursor-handle-ownership
src/ffi.rs	unsafe_fn	unsafe fn entry_cursor_mut<'a>(	1	ffi-entry-cursor-handle-ownership
src/ffi.rs	unsafe_fn	unsafe fn persistent_open_or_create(	1	ffi-caller-pointer-contracts
src/ffi.rs	unsafe_fn	unsafe fn persistent_path<'a>(	1	ffi-caller-pointer-contracts
src/ffi.rs	unsafe_fn	unsafe fn slice<'a, T>(	1	ffi-caller-pointer-contracts
src/ffi.rs	unsafe_fn	unsafe fn text_operation(	1	ffi-caller-pointer-contracts
src/ffi.rs	unsafe_fn	unsafe fn u64_operation(	1	ffi-caller-pointer-contracts
src/ffi/bytes.rs	unsafe_block	Ok(Some(unsafe { slice(data, len, "value bytes")? }))	1	ffi-byte-value-facade-contract
src/ffi/bytes.rs	unsafe_block	Ok(unsafe { &mut *cursor })	1	ffi-byte-value-facade-contract
src/ffi/bytes.rs	unsafe_block	binding(byte_dawg.get_text(unsafe { slice(key, len, "key")? }))?	1	ffi-byte-value-facade-contract
src/ffi/bytes.rs	unsafe_block	binding(byte_dawg.get_u64(unsafe { slice(key, len, "key")? }))?	1	ffi-byte-value-facade-contract
src/ffi/bytes.rs	unsafe_block	if unsafe { (*cursor).in_callback } {	1	ffi-byte-value-facade-contract
src/ffi/bytes.rs	unsafe_block	if unsafe { (*cursor_ptr).lease.is_some() } {	1	ffi-byte-value-facade-contract
src/ffi/bytes.rs	unsafe_block	last_key: unsafe { (*cursor_ptr).last_key.clone() },	1	ffi-byte-value-facade-contract
src/ffi/bytes.rs	unsafe_block	let Some(batch) = (unsafe { batch.as_ref() }) else {	1	ffi-byte-value-facade-contract
src/ffi/bytes.rs	unsafe_block	let _ = unsafe { release(&mut cursor.raw, batch.generation) };	1	ffi-byte-value-facade-contract
src/ffi/bytes.rs	unsafe_block	let _ = unsafe { vtable.close.expect("checked")(&mut raw) };	1	ffi-byte-value-facade-contract
src/ffi/bytes.rs	unsafe_block	let base = unsafe { &*base_ptr.cast::<vinary_tree_interop::VtDictionaryVTable>() };	1	ffi-byte-value-facade-contract
src/ffi/bytes.rs	unsafe_block	let cancel = unsafe { (*cursor.vtable).cancel }.ok_or((	1	ffi-byte-value-facade-contract
src/ffi/bytes.rs	unsafe_block	let captured_table = unsafe { &*captured.0.vtable };	1	ffi-byte-value-facade-contract
src/ffi/bytes.rs	unsafe_block	let close = unsafe { (*cursor.vtable).close }.ok_or((	1	ffi-byte-value-facade-contract
src/ffi/bytes.rs	unsafe_block	let context = unsafe { &mut *context.cast::<ReducerContext>() };	1	ffi-byte-value-facade-contract
src/ffi/bytes.rs	unsafe_block	let cursor = unsafe { &mut *cursor };	1	ffi-byte-value-facade-contract
src/ffi/bytes.rs	unsafe_block	let dictionary = unsafe { dictionary.as_ref() }	4	ffi-byte-value-facade-contract
src/ffi/bytes.rs	unsafe_block	let entries = unsafe { std::slice::from_raw_parts(batch.entries, batch.entry_count) };	1	ffi-byte-value-facade-contract
src/ffi/bytes.rs	unsafe_block	let key = unsafe { slice(key, key_len, "key")? };	2	ffi-byte-value-facade-contract
src/ffi/bytes.rs	unsafe_block	let limits_value = unsafe { *limits };	2	ffi-byte-value-facade-contract
src/ffi/bytes.rs	unsafe_block	let live_table = unsafe { live.vtable.as_ref() }	1	ffi-byte-value-facade-contract
src/ffi/bytes.rs	unsafe_block	let next = unsafe { (*cursor.vtable).next_batch }	1	ffi-byte-value-facade-contract
src/ffi/bytes.rs	unsafe_block	let raw = unsafe {	1	ffi-byte-value-facade-contract
src/ffi/bytes.rs	unsafe_block	let raw = unsafe { (context.callback)(context.callback_context, batch) };	1	ffi-byte-value-facade-contract
src/ffi/bytes.rs	unsafe_block	let reduce = unsafe { (*(*cursor_ptr).vtable).reduce }.ok_or((	1	ffi-byte-value-facade-contract
src/ffi/bytes.rs	unsafe_block	let release = unsafe { (*cursor.vtable).release_batch }.ok_or((	1	ffi-byte-value-facade-contract
src/ffi/bytes.rs	unsafe_block	let status = provider_status(unsafe { cancel(&mut cursor.raw) }, "byte-entry cancel")?;	1	ffi-byte-value-facade-contract
src/ffi/bytes.rs	unsafe_block	let status = provider_status(unsafe { close(&mut cursor.raw) }, "byte-entry close")?;	1	ffi-byte-value-facade-contract
src/ffi/bytes.rs	unsafe_block	let vtable = unsafe { &*table };	1	ffi-byte-value-facade-contract
src/ffi/bytes.rs	unsafe_block	unit_domain: unsafe { (*cursor_ptr).unit_domain },	1	ffi-byte-value-facade-contract
src/ffi/bytes.rs	unsafe_block	unsafe {	11	ffi-byte-value-facade-contract
src/ffi/bytes.rs	unsafe_block	unsafe { (*cursor.vtable).release_batch.expect("validated") };	1	ffi-byte-value-facade-contract
src/ffi/bytes.rs	unsafe_block	unsafe { (*cursor_ptr).in_callback = true };	1	ffi-byte-value-facade-contract
src/ffi/bytes.rs	unsafe_block	unsafe { drop(Box::from_raw(cursor as *mut LdictByteEntryCursor)) };	1	ffi-byte-value-facade-contract
src/ffi/bytes.rs	unsafe_block	unsafe { next(&mut cursor.raw, limits, &mut batch) },	1	ffi-byte-value-facade-contract
src/ffi/bytes.rs	unsafe_block	unsafe { out_batch.write(batch) };	2	ffi-byte-value-facade-contract
src/ffi/bytes.rs	unsafe_block	unsafe { out_count.write(count) };	1	ffi-byte-value-facade-contract
src/ffi/bytes.rs	unsafe_block	unsafe { out_dictionary.write(ptr::null_mut()) };	1	ffi-byte-value-facade-contract
src/ffi/bytes.rs	unsafe_block	unsafe { out_inserted.write(u8::from(inserted)) };	2	ffi-byte-value-facade-contract
src/ffi/bytes.rs	unsafe_block	unsafe { release(&mut cursor.raw, generation) },	1	ffi-byte-value-facade-contract
src/ffi/bytes.rs	unsafe_block	unsafe { snapshot_fn(live.context, &mut captured) },	1	ffi-byte-value-facade-contract
src/ffi/bytes.rs	unsafe_block	unsafe { vtable.open.expect("checked")(captured.0.context, &mut raw, &mut info) },	1	ffi-byte-value-facade-contract
src/ffi/bytes.rs	unsafe_extern_fn	pub unsafe extern "C" fn ldict_byte_entry_cursor_cancel(	1	ffi-byte-value-facade-contract
src/ffi/bytes.rs	unsafe_extern_fn	pub unsafe extern "C" fn ldict_byte_entry_cursor_free(	1	ffi-byte-value-facade-contract
src/ffi/bytes.rs	unsafe_extern_fn	pub unsafe extern "C" fn ldict_byte_entry_cursor_next(	1	ffi-byte-value-facade-contract
src/ffi/bytes.rs	unsafe_extern_fn	pub unsafe extern "C" fn ldict_byte_entry_cursor_reduce(	1	ffi-byte-value-facade-contract
src/ffi/bytes.rs	unsafe_extern_fn	pub unsafe extern "C" fn ldict_byte_entry_cursor_release(	1	ffi-byte-value-facade-contract
src/ffi/bytes.rs	unsafe_extern_fn	pub unsafe extern "C" fn ldict_dictionary_byte_entries_open(	1	ffi-byte-value-facade-contract
src/ffi/bytes.rs	unsafe_extern_fn	pub unsafe extern "C" fn ldict_dictionary_get_text_bytes(	1	ffi-byte-value-facade-contract
src/ffi/bytes.rs	unsafe_extern_fn	pub unsafe extern "C" fn ldict_dictionary_get_u64_bytes(	1	ffi-byte-value-facade-contract
src/ffi/bytes.rs	unsafe_extern_fn	pub unsafe extern "C" fn ldict_dictionary_insert_text_bytes(	1	ffi-byte-value-facade-contract
src/ffi/bytes.rs	unsafe_extern_fn	pub unsafe extern "C" fn ldict_dictionary_insert_u64_bytes(	1	ffi-byte-value-facade-contract
src/ffi/bytes.rs	unsafe_extern_fn	pub unsafe extern "C" fn ldict_dynamic_dawg_new_byte_values(	1	ffi-byte-value-facade-contract
src/ffi/bytes.rs	unsafe_extern_fn	unsafe extern "C" fn reducer_trampoline(	1	ffi-byte-value-facade-contract
src/ffi/bytes.rs	unsafe_fn	unsafe fn copy_result(	1	ffi-byte-value-facade-contract
src/ffi/bytes.rs	unsafe_fn	unsafe fn get_bytes(	1	ffi-byte-value-facade-contract
src/ffi/suffix.rs	unsafe_extern_fn	pub unsafe extern "C" fn ldict_suffix_index_clear(index: *mut LdictSuffixIndex) -> LdictStatus {	1	ffi-suffix-handle-and-borrow-contract
src/ffi/suffix.rs	unsafe_extern_fn	pub unsafe extern "C" fn ldict_suffix_index_close(index: *mut LdictSuffixIndex) -> LdictStatus {	1	ffi-suffix-handle-and-borrow-contract
src/ffi/suffix.rs	unsafe_extern_fn	pub unsafe extern "C" fn ldict_suffix_index_compact(index: *mut LdictSuffixIndex) -> LdictStatus {	1	ffi-suffix-handle-and-borrow-contract
src/ffi/suffix.rs	unsafe_extern_fn	pub unsafe extern "C" fn ldict_suffix_index_free(index: *mut LdictSuffixIndex) {	1	ffi-suffix-handle-and-borrow-contract
src/ffi/suffix.rs	unsafe_extern_fn	pub unsafe extern "C" fn ldict_suffix_index_insert_text(	1	ffi-suffix-handle-and-borrow-contract
src/ffi/suffix.rs	unsafe_extern_fn	pub unsafe extern "C" fn ldict_suffix_index_new(	1	ffi-suffix-handle-and-borrow-contract
src/ffi/suffix.rs	unsafe_extern_fn	pub unsafe extern "C" fn ldict_suffix_index_remove_text(	1	ffi-suffix-handle-and-borrow-contract
src/ffi/suffix.rs	unsafe_extern_fn	pub unsafe extern "C" fn ldict_suffix_index_snapshot(	1	ffi-suffix-handle-and-borrow-contract
src/ffi/suffix.rs	unsafe_extern_fn	pub unsafe extern "C" fn ldict_suffix_snapshot_close(	1	ffi-suffix-handle-and-borrow-contract
src/ffi/suffix.rs	unsafe_extern_fn	pub unsafe extern "C" fn ldict_suffix_snapshot_contains_source(	1	ffi-suffix-handle-and-borrow-contract
src/ffi/suffix.rs	unsafe_extern_fn	pub unsafe extern "C" fn ldict_suffix_snapshot_contains_substring(	1	ffi-suffix-handle-and-borrow-contract
src/ffi/suffix.rs	unsafe_extern_fn	pub unsafe extern "C" fn ldict_suffix_snapshot_free(snapshot: *mut LdictSuffixSnapshot) {	1	ffi-suffix-handle-and-borrow-contract
src/ffi/suffix.rs	unsafe_extern_fn	pub unsafe extern "C" fn ldict_suffix_snapshot_identity(	1	ffi-suffix-handle-and-borrow-contract
src/ffi/suffix.rs	unsafe_extern_fn	pub unsafe extern "C" fn ldict_suffix_snapshot_source_count(	1	ffi-suffix-handle-and-borrow-contract
src/ffi/suffix.rs	unsafe_extern_fn	pub unsafe extern "C" fn ldict_suffix_snapshot_source_page(	1	ffi-suffix-handle-and-borrow-contract
src/ffi/suffix.rs	unsafe_extern_fn	pub unsafe extern "C" fn ldict_suffix_snapshot_substring_frequency(	1	ffi-suffix-handle-and-borrow-contract
src/ffi/suffix.rs	unsafe_fn	unsafe fn load_index(handle: *const LdictSuffixIndex) -> Result<Arc<IndexState>, Failure> {	1	ffi-suffix-handle-and-borrow-contract
src/ffi/suffix.rs	unsafe_fn	unsafe fn load_snapshot(handle: *const LdictSuffixSnapshot) -> Result<Arc<SnapshotState>, Failure> {	1	ffi-suffix-handle-and-borrow-contract
src/ffi/suffix.rs	unsafe_fn	unsafe fn query(	1	ffi-suffix-handle-and-borrow-contract
src/ffi/suffix.rs	unsafe_fn	unsafe fn text<'a>(data: *const u8, len: usize) -> Result<&'a str, Failure> {	1	ffi-suffix-handle-and-borrow-contract
src/lib.rs	unsafe_block	let (is_final, total_edge_count) = unsafe {	1	snapshot-retained-edge-range-token
src/lib.rs	unsafe_block	let edges = unsafe { std::slice::from_raw_parts(self.edges.as_ptr().add(start), len) };	1	snapshot-dense-cursor-contract
src/lib.rs	unsafe_block	let is_final = unsafe {	1	snapshot-dense-cursor-contract
src/lib.rs	unsafe_block	let node = unsafe { *self.nodes.get_unchecked(index) };	1	snapshot-dense-cursor-contract
src/lib.rs	unsafe_block	unsafe {	2	snapshot-dense-cursor-contract
src/lib.rs	unsafe_block	unsafe { self.snapshot_cursor_value(cursor) }	1	snapshot-dense-cursor-contract
src/lib.rs	unsafe_block	unsafe { self.snapshot_graph_cursor_value(graph, cursor) }	1	snapshot-dense-cursor-contract
src/lib.rs	unsafe_fn	pub const unsafe fn from_raw_parts(	1	snapshot-retained-edge-range-token
src/lib.rs	unsafe_fn	pub unsafe fn edges_and_finality_unchecked(	1	snapshot-dense-cursor-contract
src/lib.rs	unsafe_fn	unsafe fn filter_map_snapshot_cursor_edges_and_finality<T, P, F>(	1	snapshot-dense-cursor-contract
src/lib.rs	unsafe_fn	unsafe fn snapshot_cursor_edge_at(	1	snapshot-retained-edge-range-token
src/lib.rs	unsafe_fn	unsafe fn snapshot_cursor_edge_range_start(	1	snapshot-retained-edge-range-token
src/lib.rs	unsafe_fn	unsafe fn snapshot_cursor_edge_range_step(	1	snapshot-retained-edge-range-token
src/lib.rs	unsafe_fn	unsafe fn snapshot_cursor_is_final(&self, cursor: Self::SnapshotCursor) -> Option<bool>	1	snapshot-dense-cursor-contract
src/lib.rs	unsafe_fn	unsafe fn snapshot_cursor_key_units(	1	snapshot-dense-cursor-contract
src/lib.rs	unsafe_fn	unsafe fn snapshot_cursor_node(&self, cursor: Self::SnapshotCursor) -> Option<Self>	1	snapshot-dense-cursor-contract
src/lib.rs	unsafe_fn	unsafe fn snapshot_cursor_transition(	1	snapshot-dense-cursor-contract
src/lib.rs	unsafe_fn	unsafe fn snapshot_cursor_value(	1	snapshot-dense-cursor-contract
src/lib.rs	unsafe_fn	unsafe fn snapshot_cursor_value_with_units(	1	snapshot-dense-cursor-contract
src/lib.rs	unsafe_fn	unsafe fn snapshot_graph_cursor_value(	1	snapshot-dense-cursor-contract
src/lib.rs	unsafe_fn	unsafe fn snapshot_graph_cursor_value_with_units(	1	snapshot-dense-cursor-contract
src/lib.rs	unsafe_fn	unsafe fn visit_snapshot_cursor_edge_page<F>(	1	snapshot-dense-cursor-contract
src/persistent_artrie/char/nodes/node16_char.rs	unsafe_block	unsafe {	1	char-node16-prefix-copy
src/persistent_artrie/char/types.rs	unsafe_block	(c, unsafe { &*p })	1	char-child-read-only-traversal
src/persistent_artrie/char/types.rs	unsafe_block	*unsafe { Box::from_raw(pointer.as_ptr()) }	1	char-child-prepublication-ownership
src/persistent_artrie/char/types.rs	unsafe_block	.map(|pointer| (key, unsafe { &*pointer }))	1	char-child-read-only-traversal
src/persistent_artrie/char/types.rs	unsafe_block	.map(|pointer| unsafe { Box::from_raw(pointer.cast_mut()) });	1	char-child-box-replacement
src/persistent_artrie/char/types.rs	unsafe_block	Ok(unsafe { &mut *published.as_ptr() })	2	char-child-unique-mutation
src/persistent_artrie/char/types.rs	unsafe_block	Some(unsafe { Box::from_raw(ptr.cast_mut()) })	1	char-child-box-reclaim
src/persistent_artrie/char/types.rs	unsafe_block	pending.push(unsafe { Box::from_raw(pointer.cast_mut()) });	1	char-child-box-reclaim
src/persistent_artrie/char/types.rs	unsafe_block	unsafe { &*ptr }	1	char-child-read-only-traversal
src/persistent_artrie/char/types.rs	unsafe_block	unsafe { &mut *(ptr as *mut CharTrieNodeInner<V>) }	1	char-child-unique-mutation
src/persistent_artrie/char/types.rs	unsafe_block	unsafe { drop(Box::from_raw(pointer.as_ptr())) };	1	char-child-prepublication-ownership
src/persistent_artrie/core/block_storage.rs	unsafe_block	unsafe {	1	block-storage-default-fixed-buffer-registration
src/persistent_artrie/core/block_storage.rs	unsafe_fn	unsafe fn register_buffer_pool(&self, _buffers: &[(*mut u8, usize)]) -> Result<()> {	1	block-storage-fixed-buffer-registration-contract
src/persistent_artrie/core/buffer_manager.rs	unsafe_block	let fixed_buffers_registered = unsafe { storage.register_buffer_pool(&buffers).is_ok() }	2	buffer-manager-fixed-buffer-registration
src/persistent_artrie/core/buffer_manager.rs	unsafe_block	unsafe {	5	buffer-manager-aligned-buffer-ownership
src/persistent_artrie/core/buffer_manager.rs	unsafe_fn	unsafe fn register_buffer_pool(&self, buffers: &[(*mut u8, usize)]) -> Result<()> {	1	buffer-manager-test-fixed-buffer-registration
src/persistent_artrie/core/compact_encoding.rs	unsafe_block	unsafe { data.as_ptr().add(1).cast::<u64>().read_unaligned() }	1	compact-encoding-unaligned-read
src/persistent_artrie/core/concurrency.rs	unsafe_impl	unsafe impl<T: Send + Sync> Sync for OptimisticCell<T> {}	1	optimistic-cell-rwlock-thread-contract
src/persistent_artrie/core/concurrency.rs	unsafe_impl	unsafe impl<T: Send> Send for OptimisticCell<T> {}	1	optimistic-cell-rwlock-thread-contract
src/persistent_artrie/core/disk_manager.rs	unsafe_block	let mmap = unsafe {	3	mmap-manager-map-lifetime
src/persistent_artrie/core/disk_manager.rs	unsafe_block	let new_mmap = unsafe {	1	mmap-manager-remap-lifetime
src/persistent_artrie/core/disk_manager.rs	unsafe_fn	pub unsafe fn raw_ptr(&self, block_id: u32, offset_in_block: usize) -> Result<*const u8> {	1	mmap-manager-raw-pointer-contract
src/persistent_artrie/core/io_uring_disk_manager.rs	unsafe_block	let ret = unsafe {	1	io-uring-syscall-boundary
src/persistent_artrie/core/io_uring_disk_manager.rs	unsafe_block	unsafe {	10	io-uring-mmap-direct-io-boundary
src/persistent_artrie/core/io_uring_disk_manager.rs	unsafe_fn	unsafe fn register_buffer_pool(&self, buffers: &[(*mut u8, usize)]) -> Result<()> {	1	io-uring-fixed-buffer-registration-contract
src/persistent_artrie/core/io_uring_disk_manager.rs	unsafe_impl	unsafe impl Send for IoUringDiskManager {}	1	io-uring-manager-thread-contract
src/persistent_artrie/core/io_uring_disk_manager.rs	unsafe_impl	unsafe impl Sync for IoUringDiskManager {}	1	io-uring-manager-thread-contract
src/persistent_artrie/core/mvcc.rs	unsafe_impl	unsafe impl<T: TrieRoot> Send for ReadTransaction<T> {}	1	read-transaction-root-snapshot-thread-contract
src/persistent_artrie/core/swizzled_ptr.rs	unsafe_block	assert_eq!(unsafe { *old_ptr }, 42);	1	swizzled-pointer-unit-test-deref
src/persistent_artrie/core/swizzled_ptr.rs	unsafe_block	assert_eq!(unsafe { *retrieved }, 12345);	1	swizzled-pointer-unit-test-deref
src/persistent_artrie/core/swizzled_ptr.rs	unsafe_block	assert_eq!(unsafe { *retrieved }, 42);	1	swizzled-pointer-unit-test-deref
src/persistent_artrie/core/swizzled_ptr.rs	unsafe_fn	pub unsafe fn as_ptr_unchecked<T>(&self) -> *const T {	1	swizzled-pointer-raw-extraction-contract
src/persistent_artrie/core/traversal_context.rs	unsafe_block	Ok(unsafe { non_null.as_ref() })	1	traversal-context-nonnull-reference
src/persistent_artrie/core/traversal_context.rs	unsafe_block	return Ok(unsafe { ptr.ptr.as_ref() });	1	traversal-context-nonnull-reference
src/persistent_artrie/core/wal/sync_backend.rs	unsafe_block	unsafe {	1	wal-sync-raw-fd-boundary
src/persistent_artrie/dict_impl.rs	unsafe_block	unsafe {	1	persistent-artrie-mmap-open
src/persistent_artrie/nodes/node16.rs	unsafe_block	unsafe {	1	byte-node16-prefix-copy
src/persistent_artrie/scdawg.rs	unsafe_block	let finality = unsafe {	1	snapshot-dense-cursor-contract
src/persistent_artrie/scdawg.rs	unsafe_block	let metadata = unsafe {	1	snapshot-dense-cursor-contract
src/persistent_artrie/scdawg.rs	unsafe_block	unsafe { fresh_byte.snapshot_cursor_transition(fresh_byte_cursor, b'z') }	1	snapshot-dense-cursor-contract
src/persistent_artrie/scdawg.rs	unsafe_block	unsafe { fresh_chars.snapshot_cursor_transition(fresh_chars_cursor, '雪') }	1	snapshot-dense-cursor-contract
src/persistent_artrie/scdawg.rs	unsafe_block	unsafe { old.snapshot_cursor_transition(root, b'z') },	1	snapshot-dense-cursor-contract
src/persistent_artrie/scdawg.rs	unsafe_block	unsafe { old_byte.snapshot_cursor_transition(old_byte_cursor, b'z') },	1	snapshot-dense-cursor-contract
src/persistent_artrie/scdawg.rs	unsafe_block	unsafe { old_chars.snapshot_cursor_transition(old_chars_cursor, '雪') },	1	snapshot-dense-cursor-contract
src/persistent_artrie/scdawg.rs	unsafe_block	unsafe { owned.snapshot_cursor_is_final(cursor) },	1	snapshot-dense-cursor-contract
src/persistent_artrie/scdawg.rs	unsafe_block	unsafe { owned.snapshot_cursor_transition(cursor, label) },	1	snapshot-dense-cursor-contract
src/persistent_artrie/scdawg.rs	unsafe_block	unsafe { owned.snapshot_cursor_value(cursor) },	1	snapshot-dense-cursor-contract
src/persistent_artrie/scdawg.rs	unsafe_fn	unsafe fn filter_map_snapshot_cursor_edges_and_finality<T, P, F>(	2	snapshot-dense-cursor-contract
src/persistent_artrie/scdawg.rs	unsafe_fn	unsafe fn snapshot_cursor_is_final(&self, cursor: Self::SnapshotCursor) -> Option<bool> {	2	snapshot-dense-cursor-contract
src/persistent_artrie/scdawg.rs	unsafe_fn	unsafe fn snapshot_cursor_transition(	2	snapshot-dense-cursor-contract
src/persistent_artrie/scdawg.rs	unsafe_fn	unsafe fn snapshot_cursor_value(	2	snapshot-dense-cursor-contract
src/persistent_artrie/scdawg.rs	unsafe_fn	unsafe fn visit_snapshot_cursor_edge_page<F>(	2	snapshot-dense-cursor-contract
src/persistent_artrie/suffix_automaton.rs	unsafe_block	let finality = unsafe {	1	snapshot-dense-cursor-contract
src/persistent_artrie/suffix_automaton.rs	unsafe_block	let materialized = unsafe { owned.snapshot_cursor_node(cursor) }	1	snapshot-dense-cursor-contract
src/persistent_artrie/suffix_automaton.rs	unsafe_block	let metadata = unsafe {	1	snapshot-dense-cursor-contract
src/persistent_artrie/suffix_automaton.rs	unsafe_block	unsafe { fresh_byte.snapshot_cursor_transition(fresh_byte_cursor, b'z') }	1	snapshot-dense-cursor-contract
src/persistent_artrie/suffix_automaton.rs	unsafe_block	unsafe { fresh_chars.snapshot_cursor_transition(fresh_chars_cursor, '雪') }	1	snapshot-dense-cursor-contract
src/persistent_artrie/suffix_automaton.rs	unsafe_block	unsafe { old.snapshot_cursor_transition(root, b'z') },	1	snapshot-dense-cursor-contract
src/persistent_artrie/suffix_automaton.rs	unsafe_block	unsafe { old_byte.snapshot_cursor_transition(old_byte_cursor, b'z') },	1	snapshot-dense-cursor-contract
src/persistent_artrie/suffix_automaton.rs	unsafe_block	unsafe { old_chars.snapshot_cursor_transition(old_chars_cursor, '雪') },	1	snapshot-dense-cursor-contract
src/persistent_artrie/suffix_automaton.rs	unsafe_block	unsafe { owned.snapshot_cursor_is_final(cursor) },	1	snapshot-dense-cursor-contract
src/persistent_artrie/suffix_automaton.rs	unsafe_block	unsafe { owned.snapshot_cursor_transition(cursor, label) },	1	snapshot-dense-cursor-contract
src/persistent_artrie/suffix_automaton.rs	unsafe_block	unsafe { owned.snapshot_cursor_value(cursor) },	1	snapshot-dense-cursor-contract
src/persistent_artrie/suffix_automaton.rs	unsafe_fn	unsafe fn filter_map_snapshot_cursor_edges_and_finality<T, P, F>(	2	snapshot-dense-cursor-contract
src/persistent_artrie/suffix_automaton.rs	unsafe_fn	unsafe fn snapshot_cursor_is_final(&self, cursor: Self::SnapshotCursor) -> Option<bool> {	2	snapshot-dense-cursor-contract
src/persistent_artrie/suffix_automaton.rs	unsafe_fn	unsafe fn snapshot_cursor_node(&self, cursor: Self::SnapshotCursor) -> Option<Self> {	2	snapshot-dense-cursor-contract
src/persistent_artrie/suffix_automaton.rs	unsafe_fn	unsafe fn snapshot_cursor_transition(	2	snapshot-dense-cursor-contract
src/persistent_artrie/suffix_automaton.rs	unsafe_fn	unsafe fn snapshot_cursor_value(	2	snapshot-dense-cursor-contract
src/persistent_artrie/suffix_automaton.rs	unsafe_fn	unsafe fn visit_snapshot_cursor_edge_page<F>(	2	snapshot-dense-cursor-contract
src/persistent_artrie/vocab/dict_impl.rs	unsafe_impl	unsafe impl<S: BlockStorage> Send for PersistentVocabARTrie<S> {}	1	persistent-vocab-storage-thread-contract
src/persistent_artrie/vocab/dict_impl.rs	unsafe_impl	unsafe impl<S: BlockStorage> Sync for PersistentVocabARTrie<S> {}	1	persistent-vocab-storage-thread-contract
src/scdawg/ascii.rs	unsafe_block	let finality = unsafe {	1	snapshot-dense-cursor-contract
src/scdawg/ascii.rs	unsafe_block	let materialized = unsafe { owner.snapshot_cursor_node(cursor) }	1	snapshot-dense-cursor-contract
src/scdawg/ascii.rs	unsafe_block	let o = unsafe { fresh_owner.snapshot_cursor_transition(z, b'o') }	1	snapshot-dense-cursor-contract
src/scdawg/ascii.rs	unsafe_block	let page_metadata = unsafe {	1	snapshot-dense-cursor-contract
src/scdawg/ascii.rs	unsafe_block	let transitioned = unsafe { owner.snapshot_cursor_transition(cursor, label) };	1	snapshot-dense-cursor-contract
src/scdawg/ascii.rs	unsafe_block	let z = unsafe { fresh_owner.snapshot_cursor_transition(fresh_root, b'z') }	1	snapshot-dense-cursor-contract
src/scdawg/ascii.rs	unsafe_block	let zoo = unsafe { fresh_owner.snapshot_cursor_transition(o, b'o') }	1	snapshot-dense-cursor-contract
src/scdawg/ascii.rs	unsafe_block	unsafe { fresh_owner.snapshot_cursor_is_final(zoo) },	1	snapshot-dense-cursor-contract
src/scdawg/ascii.rs	unsafe_block	unsafe { fresh_owner.snapshot_cursor_value(zoo) },	1	snapshot-dense-cursor-contract
src/scdawg/ascii.rs	unsafe_block	unsafe { old_owner.snapshot_cursor_transition(old_root, b'z') },	1	snapshot-dense-cursor-contract
src/scdawg/ascii.rs	unsafe_block	unsafe { owner.snapshot_cursor_is_final(cursor) },	1	snapshot-dense-cursor-contract
src/scdawg/ascii.rs	unsafe_block	unsafe { owner.snapshot_cursor_transition(cursor, u8::MAX) },	1	snapshot-dense-cursor-contract
src/scdawg/ascii.rs	unsafe_block	unsafe { owner.snapshot_cursor_value(cursor) },	1	snapshot-dense-cursor-contract
src/scdawg/ascii.rs	unsafe_fn	unsafe fn filter_map_snapshot_cursor_edges_and_finality<T, P, F>(	1	snapshot-dense-cursor-contract
src/scdawg/ascii.rs	unsafe_fn	unsafe fn snapshot_cursor_is_final(&self, cursor: Self::SnapshotCursor) -> Option<bool> {	1	snapshot-dense-cursor-contract
src/scdawg/ascii.rs	unsafe_fn	unsafe fn snapshot_cursor_node(&self, cursor: Self::SnapshotCursor) -> Option<Self> {	1	snapshot-dense-cursor-contract
src/scdawg/ascii.rs	unsafe_fn	unsafe fn snapshot_cursor_transition(	1	snapshot-dense-cursor-contract
src/scdawg/ascii.rs	unsafe_fn	unsafe fn snapshot_cursor_value(	1	snapshot-dense-cursor-contract
src/scdawg/ascii.rs	unsafe_fn	unsafe fn visit_snapshot_cursor_edge_page<F>(	1	snapshot-dense-cursor-contract
src/scdawg/ascii.rs	unsafe_impl	unsafe impl<V: DictionaryValue> Send for ScdawgNodeHandle<V> {}	1	scdawg-handle-rwlock-thread-contract
src/scdawg/ascii.rs	unsafe_impl	unsafe impl<V: DictionaryValue> Sync for ScdawgNodeHandle<V> {}	1	scdawg-handle-rwlock-thread-contract
src/scdawg/char.rs	unsafe_block	let finality = unsafe {	1	snapshot-dense-cursor-contract
src/scdawg/char.rs	unsafe_block	let leopard = unsafe { fresh_owner.snapshot_cursor_transition(snow, '豹') }	1	snapshot-dense-cursor-contract
src/scdawg/char.rs	unsafe_block	let materialized = unsafe { owner.snapshot_cursor_node(cursor) }	1	snapshot-dense-cursor-contract
src/scdawg/char.rs	unsafe_block	let page_metadata = unsafe {	1	snapshot-dense-cursor-contract
src/scdawg/char.rs	unsafe_block	let snow = unsafe { fresh_owner.snapshot_cursor_transition(fresh_root, '雪') }	1	snapshot-dense-cursor-contract
src/scdawg/char.rs	unsafe_block	let transitioned = unsafe { owner.snapshot_cursor_transition(cursor, label) };	1	snapshot-dense-cursor-contract
src/scdawg/char.rs	unsafe_block	unsafe { fresh_owner.snapshot_cursor_is_final(leopard) },	1	snapshot-dense-cursor-contract
src/scdawg/char.rs	unsafe_block	unsafe { fresh_owner.snapshot_cursor_value(leopard) },	1	snapshot-dense-cursor-contract
src/scdawg/char.rs	unsafe_block	unsafe { old_owner.snapshot_cursor_transition(old_root, '雪') },	1	snapshot-dense-cursor-contract
src/scdawg/char.rs	unsafe_block	unsafe { owner.snapshot_cursor_is_final(cursor) },	1	snapshot-dense-cursor-contract
src/scdawg/char.rs	unsafe_block	unsafe { owner.snapshot_cursor_transition(cursor, '\0') },	1	snapshot-dense-cursor-contract
src/scdawg/char.rs	unsafe_block	unsafe { owner.snapshot_cursor_value(cursor) },	1	snapshot-dense-cursor-contract
src/scdawg/char.rs	unsafe_fn	unsafe fn filter_map_snapshot_cursor_edges_and_finality<T, P, F>(	1	snapshot-dense-cursor-contract
src/scdawg/char.rs	unsafe_fn	unsafe fn snapshot_cursor_is_final(&self, cursor: Self::SnapshotCursor) -> Option<bool> {	1	snapshot-dense-cursor-contract
src/scdawg/char.rs	unsafe_fn	unsafe fn snapshot_cursor_node(&self, cursor: Self::SnapshotCursor) -> Option<Self> {	1	snapshot-dense-cursor-contract
src/scdawg/char.rs	unsafe_fn	unsafe fn snapshot_cursor_transition(	1	snapshot-dense-cursor-contract
src/scdawg/char.rs	unsafe_fn	unsafe fn snapshot_cursor_value(	1	snapshot-dense-cursor-contract
src/scdawg/char.rs	unsafe_fn	unsafe fn visit_snapshot_cursor_edge_page<F>(	1	snapshot-dense-cursor-contract
src/scdawg/char.rs	unsafe_impl	unsafe impl<V: DictionaryValue> Send for ScdawgCharNodeHandle<V> {}	1	scdawg-char-handle-rwlock-thread-contract
src/scdawg/char.rs	unsafe_impl	unsafe impl<V: DictionaryValue> Sync for ScdawgCharNodeHandle<V> {}	1	scdawg-char-handle-rwlock-thread-contract
src/serialization/protobuf_impl.rs	unsafe_block	let final_slot = unsafe { final_spare.get_unchecked_mut(0) };	1	protobuf-v2-exact-spare-commit
src/serialization/protobuf_impl.rs	unsafe_block	let first_metadata = unsafe {	1	protobuf-retained-cursor-traversal
src/serialization/protobuf_impl.rs	unsafe_block	let label_slot = unsafe { edge_spare.get_unchecked_mut(1) };	1	protobuf-v2-exact-spare-commit
src/serialization/protobuf_impl.rs	unsafe_block	let observation = unsafe { self.owner.snapshot_cursor_edge_at(cursor.raw, index) }?;	2	protobuf-retained-cursor-traversal
src/serialization/protobuf_impl.rs	unsafe_block	let sibling_metadata = unsafe {	1	protobuf-retained-cursor-traversal
src/serialization/protobuf_impl.rs	unsafe_block	let source_slot = unsafe { edge_spare.get_unchecked_mut(0) };	1	protobuf-v2-exact-spare-commit
src/serialization/protobuf_impl.rs	unsafe_block	let start = unsafe { self.owner.snapshot_cursor_edge_range_start(cursor.raw) }?;	2	protobuf-retained-cursor-traversal
src/serialization/protobuf_impl.rs	unsafe_block	let target_slot = unsafe { edge_spare.get_unchecked_mut(2) };	1	protobuf-v2-exact-spare-commit
src/serialization/protobuf_impl.rs	unsafe_block	unsafe {	1	protobuf-retained-cursor-traversal
src/serialization/protobuf_impl.rs	unsafe_block	unsafe { commit_v2_event_to_spare(self.final_node_ids, self.edge_data, event) };	1	protobuf-v2-exact-spare-commit
src/serialization/protobuf_impl.rs	unsafe_block	unsafe { edge_data.set_len(edge_len + 3) };	1	protobuf-v2-exact-spare-commit
src/serialization/protobuf_impl.rs	unsafe_block	unsafe { final_node_ids.set_len(final_len + 1) };	1	protobuf-v2-exact-spare-commit
src/serialization/protobuf_impl.rs	unsafe_block	unsafe { self.owner.snapshot_cursor_edge_range_step(token.raw) }?;	1	protobuf-retained-cursor-traversal
src/serialization/protobuf_impl.rs	unsafe_fn	unsafe fn commit_v2_event_to_spare(	1	protobuf-v2-exact-spare-commit
src/substring.rs	unsafe_impl	unsafe impl Send for MockNode {}	1	substring-test-mock-thread-contract
src/substring.rs	unsafe_impl	unsafe impl Sync for MockNode {}	1	substring-test-mock-thread-contract
