symbol	group	feature	return_type	parameters	julia_wrapper	julia_return_type	julia_parameter_types	abi_version	api_revision
ldict_dynamic_dawg_new_byte_values	constructor		LdictStatus	unit_domain:uint32_t:input:value;out_dictionary:LdictDictionary**:output:caller-owned-handle	abi_ldict_dynamic_dawg_new_byte_values	Cint	UInt32;Ref{Ptr{Cvoid}}	1	8
ldict_dictionary_insert_text_bytes	crud-text		LdictStatus	dictionary:LdictDictionary*:input-output:borrowed-handle;key:const uint8_t*:input:call-borrowed;key_len:size_t:input:value;value:const uint8_t*:input:call-borrowed;value_len:size_t:input:value;has_value:uint8_t:input:value;out_inserted:uint8_t*:output:caller-owned-storage	abi_ldict_dictionary_insert_text_bytes	Cint	Ptr{Cvoid};Ptr{UInt8};Csize_t;Ptr{UInt8};Csize_t;UInt8;Ref{UInt8}	1	8
ldict_dictionary_insert_u64_bytes	crud-u64		LdictStatus	dictionary:LdictDictionary*:input-output:borrowed-handle;key:const uint64_t*:input:call-borrowed;key_len:size_t:input:value;value:const uint8_t*:input:call-borrowed;value_len:size_t:input:value;has_value:uint8_t:input:value;out_inserted:uint8_t*:output:caller-owned-storage	abi_ldict_dictionary_insert_u64_bytes	Cint	Ptr{Cvoid};Ptr{UInt64};Csize_t;Ptr{UInt8};Csize_t;UInt8;Ref{UInt8}	1	8
ldict_dictionary_get_text_bytes	crud-text		LdictStatus	dictionary:const LdictDictionary*:input:borrowed-handle;key:const uint8_t*:input:call-borrowed;key_len:size_t:input:value;out_found:uint8_t*:output:caller-owned-storage;out_bytes:uint8_t*:output:caller-owned-buffer;capacity:size_t:input:value;out_written:size_t*:output:caller-owned-storage;out_required:size_t*:output:caller-owned-storage;out_has_value:uint8_t*:output:caller-owned-storage	abi_ldict_dictionary_get_text_bytes	Cint	Ptr{Cvoid};Ptr{UInt8};Csize_t;Ref{UInt8};Ptr{UInt8};Csize_t;Ref{Csize_t};Ref{Csize_t};Ref{UInt8}	1	8
ldict_dictionary_get_u64_bytes	crud-u64		LdictStatus	dictionary:const LdictDictionary*:input:borrowed-handle;key:const uint64_t*:input:call-borrowed;key_len:size_t:input:value;out_found:uint8_t*:output:caller-owned-storage;out_bytes:uint8_t*:output:caller-owned-buffer;capacity:size_t:input:value;out_written:size_t*:output:caller-owned-storage;out_required:size_t*:output:caller-owned-storage;out_has_value:uint8_t*:output:caller-owned-storage	abi_ldict_dictionary_get_u64_bytes	Cint	Ptr{Cvoid};Ptr{UInt64};Csize_t;Ref{UInt8};Ptr{UInt8};Csize_t;Ref{Csize_t};Ref{Csize_t};Ref{UInt8}	1	8
ldict_dictionary_byte_entries_open	collection		LdictStatus	dictionary:const LdictDictionary*:input:borrowed-handle;out_cursor:LdictByteEntryCursor**:output:caller-owned-handle;out_info:LdictByteEntriesInfo*:output:caller-owned-storage	abi_ldict_dictionary_byte_entries_open	Cint	Ptr{Cvoid};Ref{Ptr{Cvoid}};Ptr{Cvoid}	1	8
ldict_byte_entry_cursor_next	collection		LdictStatus	cursor:LdictByteEntryCursor*:input-output:borrowed-handle;limits:const LdictByteEntryBatchLimits*:input:call-borrowed;out_batch:LdictByteEntryBatch*:output:cursor-borrowed-until-release	abi_ldict_byte_entry_cursor_next	Cint	Ptr{Cvoid};Ptr{Cvoid};Ptr{Cvoid}	1	8
ldict_byte_entry_cursor_release	collection		LdictStatus	cursor:LdictByteEntryCursor*:input-output:borrowed-handle;generation:uint64_t:input:value	abi_ldict_byte_entry_cursor_release	Cint	Ptr{Cvoid};UInt64	1	8
ldict_byte_entry_cursor_reduce	collection		LdictStatus	cursor:LdictByteEntryCursor*:input-output:borrowed-handle;limits:const LdictByteEntryBatchLimits*:input:call-borrowed;reducer:LdictByteEntryReducer:input:call-borrowed-callback;reducer_context:void*:input-output:call-borrowed;out_count:size_t*:output:caller-owned-storage	abi_ldict_byte_entry_cursor_reduce	Cint	Ptr{Cvoid};Ptr{Cvoid};Ptr{Cvoid};Ptr{Cvoid};Ref{Csize_t}	1	8
ldict_byte_entry_cursor_cancel	collection		LdictStatus	cursor:LdictByteEntryCursor*:input-output:borrowed-handle	abi_ldict_byte_entry_cursor_cancel	Cint	Ptr{Cvoid}	1	8
ldict_byte_entry_cursor_free	collection		LdictStatus	cursor:LdictByteEntryCursor*:input-output:conditionally-consumed-handle	abi_ldict_byte_entry_cursor_free	Cint	Ptr{Cvoid}	1	8
ldict_abi_version	meta		uint32_t		abi_ldict_abi_version	UInt32		1	8
ldict_api_revision	meta		uint32_t		abi_ldict_api_revision	UInt32		1	8
ldict_last_error_message	meta		const char*		abi_ldict_last_error_message	Cstring		1	8
ldict_dynamic_dawg_new	constructor		LdictStatus	unit_domain:uint32_t:input:value;out_dictionary:LdictDictionary**:output:caller-owned-handle	abi_ldict_dynamic_dawg_new	Cint	UInt32;Ref{Ptr{Cvoid}}	1	8
ldict_double_array_trie_new	constructor		LdictStatus	unit_domain:uint32_t:input:value;entries:const LdictTextEntry*:input:call-borrowed;entry_count:size_t:input:value;out_dictionary:LdictDictionary**:output:caller-owned-handle	abi_ldict_double_array_trie_new	Cint	UInt32;Ptr{TextEntry};Csize_t;Ref{Ptr{Cvoid}}	1	8
ldict_scdawg_new	constructor		LdictStatus	unit_domain:uint32_t:input:value;out_dictionary:LdictDictionary**:output:caller-owned-handle	abi_ldict_scdawg_new	Cint	UInt32;Ref{Ptr{Cvoid}}	1	8
ldict_pathmap_new	constructor		LdictStatus	unit_domain:uint32_t:input:value;out_dictionary:LdictDictionary**:output:caller-owned-handle	abi_ldict_pathmap_new	Cint	UInt32;Ref{Ptr{Cvoid}}	1	8
ldict_suffix_index_new	constructor		LdictStatus	unit_domain:uint32_t:input:value;out_index:LdictSuffixIndex**:output:caller-owned-handle	abi_ldict_suffix_index_new	Cint	UInt32;Ref{Ptr{Cvoid}}	1	8
ldict_suffix_index_close	suffix-index		LdictStatus	index:LdictSuffixIndex*:input:borrowed-handle	abi_ldict_suffix_index_close	Cint	Ptr{Cvoid}	1	8
ldict_suffix_index_free	suffix-index		void	index:LdictSuffixIndex*:input:consumed-handle	abi_ldict_suffix_index_free	Cvoid	Ptr{Cvoid}	1	8
ldict_suffix_index_insert_text	suffix-index		LdictStatus	index:LdictSuffixIndex*:input:borrowed-handle;data:const uint8_t*:input:call-borrowed;len:size_t:input:value;value:LdictOptionalU64:input:value	abi_ldict_suffix_index_insert_text	Cint	Ptr{Cvoid};Ptr{UInt8};Csize_t;OptionalU64	1	8
ldict_suffix_index_remove_text	suffix-index		LdictStatus	index:LdictSuffixIndex*:input:borrowed-handle;data:const uint8_t*:input:call-borrowed;len:size_t:input:value;out_removed:uint8_t*:output:caller-owned-storage	abi_ldict_suffix_index_remove_text	Cint	Ptr{Cvoid};Ptr{UInt8};Csize_t;Ref{UInt8}	1	8
ldict_suffix_index_clear	suffix-index		LdictStatus	index:LdictSuffixIndex*:input:borrowed-handle	abi_ldict_suffix_index_clear	Cint	Ptr{Cvoid}	1	8
ldict_suffix_index_compact	suffix-index		LdictStatus	index:LdictSuffixIndex*:input:borrowed-handle	abi_ldict_suffix_index_compact	Cint	Ptr{Cvoid}	1	8
ldict_suffix_index_snapshot	suffix-index		LdictStatus	index:const LdictSuffixIndex*:input:borrowed-handle;out_snapshot:LdictSuffixSnapshot**:output:caller-owned-handle	abi_ldict_suffix_index_snapshot	Cint	Ptr{Cvoid};Ref{Ptr{Cvoid}}	1	8
ldict_suffix_snapshot_close	suffix-snapshot		LdictStatus	snapshot:LdictSuffixSnapshot*:input:borrowed-handle	abi_ldict_suffix_snapshot_close	Cint	Ptr{Cvoid}	1	8
ldict_suffix_snapshot_free	suffix-snapshot		void	snapshot:LdictSuffixSnapshot*:input:consumed-handle	abi_ldict_suffix_snapshot_free	Cvoid	Ptr{Cvoid}	1	8
ldict_suffix_snapshot_identity	suffix-snapshot		LdictStatus	snapshot:const LdictSuffixSnapshot*:input:borrowed-handle;out_producer:uint64_t*:output:caller-owned-storage;out_revision:uint64_t*:output:caller-owned-storage	abi_ldict_suffix_snapshot_identity	Cint	Ptr{Cvoid};Ref{UInt64};Ref{UInt64}	1	8
ldict_suffix_snapshot_source_count	suffix-snapshot		LdictStatus	snapshot:const LdictSuffixSnapshot*:input:borrowed-handle;out_count:uint64_t*:output:caller-owned-storage	abi_ldict_suffix_snapshot_source_count	Cint	Ptr{Cvoid};Ref{UInt64}	1	8
ldict_suffix_snapshot_contains_source	suffix-snapshot		LdictStatus	snapshot:const LdictSuffixSnapshot*:input:borrowed-handle;data:const uint8_t*:input:call-borrowed;len:size_t:input:value;out_contains:uint64_t*:output:caller-owned-storage	abi_ldict_suffix_snapshot_contains_source	Cint	Ptr{Cvoid};Ptr{UInt8};Csize_t;Ref{UInt64}	1	8
ldict_suffix_snapshot_contains_substring	suffix-snapshot		LdictStatus	snapshot:const LdictSuffixSnapshot*:input:borrowed-handle;data:const uint8_t*:input:call-borrowed;len:size_t:input:value;out_contains:uint64_t*:output:caller-owned-storage	abi_ldict_suffix_snapshot_contains_substring	Cint	Ptr{Cvoid};Ptr{UInt8};Csize_t;Ref{UInt64}	1	8
ldict_suffix_snapshot_substring_frequency	suffix-snapshot		LdictStatus	snapshot:const LdictSuffixSnapshot*:input:borrowed-handle;data:const uint8_t*:input:call-borrowed;len:size_t:input:value;out_frequency:uint64_t*:output:caller-owned-storage	abi_ldict_suffix_snapshot_substring_frequency	Cint	Ptr{Cvoid};Ptr{UInt8};Csize_t;Ref{UInt64}	1	8
ldict_suffix_snapshot_source_page	suffix-snapshot		LdictStatus	snapshot:const LdictSuffixSnapshot*:input:borrowed-handle;offset:uint64_t:input:value;out_records:LdictSuffixSourceRecord*:output:caller-owned-storage;capacity:size_t:input:value;out_written:size_t*:output:caller-owned-storage;out_total:uint64_t*:output:caller-owned-storage	abi_ldict_suffix_snapshot_source_page	Cint	Ptr{Cvoid};UInt64;Ptr{SuffixSourceRecord};Csize_t;Ref{Csize_t};Ref{UInt64}	1	8
ldict_persistent_artrie_create	constructor	persistent-artrie	LdictStatus	unit_domain:uint32_t:input:value;path_data:const uint8_t*:input:call-borrowed;path_len:size_t:input:value;out_dictionary:LdictDictionary**:output:caller-owned-handle	abi_ldict_persistent_artrie_create	Cint	UInt32;Ptr{UInt8};Csize_t;Ref{Ptr{Cvoid}}	1	8
ldict_persistent_artrie_open	constructor	persistent-artrie	LdictStatus	unit_domain:uint32_t:input:value;path_data:const uint8_t*:input:call-borrowed;path_len:size_t:input:value;out_dictionary:LdictDictionary**:output:caller-owned-handle	abi_ldict_persistent_artrie_open	Cint	UInt32;Ptr{UInt8};Csize_t;Ref{Ptr{Cvoid}}	1	8
ldict_persistent_vocab_create	constructor	persistent-artrie	LdictStatus	path_data:const uint8_t*:input:call-borrowed;path_len:size_t:input:value;out_dictionary:LdictDictionary**:output:caller-owned-handle	abi_ldict_persistent_vocab_create	Cint	Ptr{UInt8};Csize_t;Ref{Ptr{Cvoid}}	1	8
ldict_persistent_vocab_open	constructor	persistent-artrie	LdictStatus	path_data:const uint8_t*:input:call-borrowed;path_len:size_t:input:value;out_dictionary:LdictDictionary**:output:caller-owned-handle	abi_ldict_persistent_vocab_open	Cint	Ptr{UInt8};Csize_t;Ref{Ptr{Cvoid}}	1	8
ldict_dictionary_kind	handle		LdictStatus	dictionary:const LdictDictionary*:input:borrowed-handle;out_kind:uint32_t*:output:caller-owned-storage	abi_ldict_dictionary_kind	Cint	Ptr{Cvoid};Ref{UInt32}	1	8
ldict_dictionary_capabilities	handle		LdictStatus	dictionary:const LdictDictionary*:input:borrowed-handle;out_capabilities:uint64_t*:output:caller-owned-storage	abi_ldict_dictionary_capabilities	Cint	Ptr{Cvoid};Ref{UInt64}	1	8
ldict_dictionary_free	handle		void	dictionary:LdictDictionary*:input:consumed-handle	abi_ldict_dictionary_free	Cvoid	Ptr{Cvoid}	1	8
ldict_dictionary_resource	handle		LdictStatus	dictionary:const LdictDictionary*:input:borrowed-handle;out_resource:VtResource*:output:borrowed-retainable-resource	abi_ldict_dictionary_resource	Cint	Ptr{Cvoid};Ref{VTI.VtResourceRaw}	1	8
ldict_dictionary_algebra	algebra		LdictStatus	left:const LdictDictionary*:input:borrowed-handle;right:const LdictDictionary*:input:borrowed-handle;operation:uint32_t:input:value;value_merge:uint32_t:input:value;out_dictionary:LdictDictionary**:output:caller-owned-handle	abi_ldict_dictionary_algebra	Cint	Ptr{Cvoid};Ptr{Cvoid};UInt32;UInt32;Ref{Ptr{Cvoid}}	1	8
ldict_dictionary_entries_open	collection		LdictStatus	dictionary:const LdictDictionary*:input:borrowed-handle;out_cursor:LdictEntryCursor**:output:caller-owned-handle;out_info:LdictEntriesInfo*:output:caller-owned-storage	abi_ldict_dictionary_entries_open	Cint	Ptr{Cvoid};Ref{Ptr{Cvoid}};Ref{VTI.VtDictionaryEntriesInfo}	1	8
ldict_entry_cursor_next	collection		LdictStatus	cursor:LdictEntryCursor*:input-output:borrowed-handle;limits:const LdictEntryBatchLimits*:input:call-borrowed;out_batch:LdictEntryBatch*:output:cursor-borrowed-until-release	abi_ldict_entry_cursor_next	Cint	Ptr{Cvoid};Ref{VTI.BatchLimits};Ref{VTI.VtDictionaryEntryBatchView}	1	8
ldict_entry_cursor_release	collection		LdictStatus	cursor:LdictEntryCursor*:input-output:borrowed-handle;generation:uint64_t:input:value	abi_ldict_entry_cursor_release	Cint	Ptr{Cvoid};UInt64	1	8
ldict_entry_cursor_reduce	collection		LdictStatus	cursor:LdictEntryCursor*:input-output:borrowed-handle;limits:const LdictEntryBatchLimits*:input:call-borrowed;reducer:LdictEntryReducer:input:call-borrowed-callback;reducer_context:void*:input-output:call-borrowed;out_count:size_t*:output:caller-owned-storage	abi_ldict_entry_cursor_reduce	Cint	Ptr{Cvoid};Ref{VTI.BatchLimits};Ptr{Cvoid};Ptr{Cvoid};Ref{Csize_t}	1	8
ldict_entry_cursor_cancel	collection		LdictStatus	cursor:LdictEntryCursor*:input-output:borrowed-handle	abi_ldict_entry_cursor_cancel	Cint	Ptr{Cvoid}	1	8
ldict_entry_cursor_free	collection		LdictStatus	cursor:LdictEntryCursor*:input-output:conditionally-consumed-handle	abi_ldict_entry_cursor_free	Cint	Ptr{Cvoid}	1	8
ldict_dictionary_len	handle		LdictStatus	dictionary:const LdictDictionary*:input:borrowed-handle;out_len:size_t*:output:caller-owned-storage	abi_ldict_dictionary_len	Cint	Ptr{Cvoid};Ref{Csize_t}	1	8
ldict_dictionary_checkpoint	maintenance	persistent-artrie	LdictStatus	dictionary:LdictDictionary*:input-output:borrowed-handle	abi_ldict_dictionary_checkpoint	Cint	Ptr{Cvoid}	1	8
ldict_vocab_get_term	vocabulary	persistent-artrie	LdictStatus	dictionary:const LdictDictionary*:input:borrowed-handle;index:uint64_t:input:value;out_data:uint8_t*:output:caller-owned-buffer;capacity:size_t:input:value;out_len:size_t*:output:caller-owned-storage;out_found:uint8_t*:output:caller-owned-storage	abi_ldict_vocab_get_term	Cint	Ptr{Cvoid};UInt64;Ptr{UInt8};Csize_t;Ref{Csize_t};Ref{UInt8}	1	8
ldict_dictionary_clear	maintenance		LdictStatus	dictionary:LdictDictionary*:input-output:borrowed-handle	abi_ldict_dictionary_clear	Cint	Ptr{Cvoid}	1	8
ldict_dictionary_compact	maintenance		LdictStatus	dictionary:LdictDictionary*:input-output:borrowed-handle;out_reclaimed:size_t*:output:caller-owned-storage	abi_ldict_dictionary_compact	Cint	Ptr{Cvoid};Ref{Csize_t}	1	8
ldict_dictionary_insert_text	crud-text		LdictStatus	dictionary:LdictDictionary*:input-output:borrowed-handle;data:const uint8_t*:input:call-borrowed;len:size_t:input:value;value:LdictOptionalU64:input:value;out_inserted:uint8_t*:output:caller-owned-storage	abi_ldict_dictionary_insert_text	Cint	Ptr{Cvoid};Ptr{UInt8};Csize_t;OptionalU64;Ref{UInt8}	1	8
ldict_dictionary_insert_text_value	crud-text		LdictStatus	dictionary:LdictDictionary*:input-output:borrowed-handle;data:const uint8_t*:input:call-borrowed;len:size_t:input:value;value:uint64_t:input:value;has_value:uint8_t:input:value;out_inserted:uint8_t*:output:caller-owned-storage	abi_ldict_dictionary_insert_text_value	Cint	Ptr{Cvoid};Ptr{UInt8};Csize_t;UInt64;UInt8;Ref{UInt8}	1	8
ldict_dictionary_remove_text	crud-text		LdictStatus	dictionary:LdictDictionary*:input-output:borrowed-handle;data:const uint8_t*:input:call-borrowed;len:size_t:input:value;out_removed:uint8_t*:output:caller-owned-storage	abi_ldict_dictionary_remove_text	Cint	Ptr{Cvoid};Ptr{UInt8};Csize_t;Ref{UInt8}	1	8
ldict_dictionary_contains_text	crud-text		LdictStatus	dictionary:const LdictDictionary*:input:borrowed-handle;data:const uint8_t*:input:call-borrowed;len:size_t:input:value;out_contains:uint8_t*:output:caller-owned-storage	abi_ldict_dictionary_contains_text	Cint	Ptr{Cvoid};Ptr{UInt8};Csize_t;Ref{UInt8}	1	8
ldict_dictionary_get_text	crud-text		LdictStatus	dictionary:const LdictDictionary*:input:borrowed-handle;data:const uint8_t*:input:call-borrowed;len:size_t:input:value;out_found:uint8_t*:output:caller-owned-storage;out_value:LdictOptionalU64*:output:caller-owned-storage	abi_ldict_dictionary_get_text	Cint	Ptr{Cvoid};Ptr{UInt8};Csize_t;Ref{UInt8};Ref{OptionalU64}	1	8
ldict_dictionary_get_text_value	crud-text		LdictStatus	dictionary:const LdictDictionary*:input:borrowed-handle;data:const uint8_t*:input:call-borrowed;len:size_t:input:value;out_found:uint8_t*:output:caller-owned-storage;out_value:uint64_t*:output:caller-owned-storage;out_has_value:uint8_t*:output:caller-owned-storage	abi_ldict_dictionary_get_text_value	Cint	Ptr{Cvoid};Ptr{UInt8};Csize_t;Ref{UInt8};Ref{UInt64};Ref{UInt8}	1	8
ldict_dictionary_insert_u64	crud-u64		LdictStatus	dictionary:LdictDictionary*:input-output:borrowed-handle;data:const uint64_t*:input:call-borrowed;len:size_t:input:value;value:LdictOptionalU64:input:value;out_inserted:uint8_t*:output:caller-owned-storage	abi_ldict_dictionary_insert_u64	Cint	Ptr{Cvoid};Ptr{UInt64};Csize_t;OptionalU64;Ref{UInt8}	1	8
ldict_dictionary_insert_u64_value	crud-u64		LdictStatus	dictionary:LdictDictionary*:input-output:borrowed-handle;data:const uint64_t*:input:call-borrowed;len:size_t:input:value;value:uint64_t:input:value;has_value:uint8_t:input:value;out_inserted:uint8_t*:output:caller-owned-storage	abi_ldict_dictionary_insert_u64_value	Cint	Ptr{Cvoid};Ptr{UInt64};Csize_t;UInt64;UInt8;Ref{UInt8}	1	8
ldict_dictionary_remove_u64	crud-u64		LdictStatus	dictionary:LdictDictionary*:input-output:borrowed-handle;data:const uint64_t*:input:call-borrowed;len:size_t:input:value;out_removed:uint8_t*:output:caller-owned-storage	abi_ldict_dictionary_remove_u64	Cint	Ptr{Cvoid};Ptr{UInt64};Csize_t;Ref{UInt8}	1	8
ldict_dictionary_contains_u64	crud-u64		LdictStatus	dictionary:const LdictDictionary*:input:borrowed-handle;data:const uint64_t*:input:call-borrowed;len:size_t:input:value;out_contains:uint8_t*:output:caller-owned-storage	abi_ldict_dictionary_contains_u64	Cint	Ptr{Cvoid};Ptr{UInt64};Csize_t;Ref{UInt8}	1	8
ldict_dictionary_get_u64	crud-u64		LdictStatus	dictionary:const LdictDictionary*:input:borrowed-handle;data:const uint64_t*:input:call-borrowed;len:size_t:input:value;out_found:uint8_t*:output:caller-owned-storage;out_value:LdictOptionalU64*:output:caller-owned-storage	abi_ldict_dictionary_get_u64	Cint	Ptr{Cvoid};Ptr{UInt64};Csize_t;Ref{UInt8};Ref{OptionalU64}	1	8
ldict_dictionary_get_u64_value	crud-u64		LdictStatus	dictionary:const LdictDictionary*:input:borrowed-handle;data:const uint64_t*:input:call-borrowed;len:size_t:input:value;out_found:uint8_t*:output:caller-owned-storage;out_value:uint64_t*:output:caller-owned-storage;out_has_value:uint8_t*:output:caller-owned-storage	abi_ldict_dictionary_get_u64_value	Cint	Ptr{Cvoid};Ptr{UInt64};Csize_t;Ref{UInt8};Ref{UInt64};Ref{UInt8}	1	8
ldict_scdawg_contains_substring	substring		LdictStatus	dictionary:const LdictDictionary*:input:borrowed-handle;data:const uint8_t*:input:call-borrowed;len:size_t:input:value;out_contains:uint8_t*:output:caller-owned-storage	abi_ldict_scdawg_contains_substring	Cint	Ptr{Cvoid};Ptr{UInt8};Csize_t;Ref{UInt8}	1	8
ldict_scdawg_substring_frequency	substring		LdictStatus	dictionary:const LdictDictionary*:input:borrowed-handle;data:const uint8_t*:input:call-borrowed;len:size_t:input:value;out_frequency:size_t*:output:caller-owned-storage	abi_ldict_scdawg_substring_frequency	Cint	Ptr{Cvoid};Ptr{UInt8};Csize_t;Ref{Csize_t}	1	8
ldict_dictionary_insert_text_batch	batch		LdictStatus	dictionary:LdictDictionary*:input-output:borrowed-handle;entries:const LdictTextEntry*:input:call-borrowed;entry_count:size_t:input:value;out_inserted:size_t*:output:caller-owned-storage	abi_ldict_dictionary_insert_text_batch	Cint	Ptr{Cvoid};Ptr{TextEntry};Csize_t;Ref{Csize_t}	1	8
ldict_dictionary_insert_u64_batch	batch		LdictStatus	dictionary:LdictDictionary*:input-output:borrowed-handle;entries:const LdictU64Entry*:input:call-borrowed;entry_count:size_t:input:value;out_inserted:size_t*:output:caller-owned-storage	abi_ldict_dictionary_insert_u64_batch	Cint	Ptr{Cvoid};Ptr{U64Entry};Csize_t;Ref{Csize_t}	1	8
