# Generated by scripts/generate-raku-abi.py; edit bindings/api.json instead.
# package=Libdictenstein module=bindings/raku/lib/Libdictenstein.rakumod
symbol	group	c_signature	raku_signature	surface	reason
ldict_dynamic_dawg_new_byte_values	constructor	LdictStatus(uint32_t, LdictDictionary**)	int32(uint32, Pointer is rw)	raw-only:byte-values	The revision-7 byte-value C ABI is declared, but the idiomatic Raku byte-value dictionary and cursor facade is a separate parity task; no u64 reinterpretation is allowed.
ldict_dictionary_insert_text_bytes	crud-text	LdictStatus(LdictDictionary*, const uint8_t*, size_t, const uint8_t*, size_t, uint8_t, uint8_t*)	int32(Pointer, Pointer, size_t, Pointer, size_t, uint8, uint8 is rw)	raw-only:byte-values	The revision-7 byte-value C ABI is declared, but the idiomatic Raku byte-value dictionary and cursor facade is a separate parity task; no u64 reinterpretation is allowed.
ldict_dictionary_insert_u64_bytes	crud-u64	LdictStatus(LdictDictionary*, const uint64_t*, size_t, const uint8_t*, size_t, uint8_t, uint8_t*)	int32(Pointer, Pointer, size_t, Pointer, size_t, uint8, uint8 is rw)	raw-only:byte-values	The revision-7 byte-value C ABI is declared, but the idiomatic Raku byte-value dictionary and cursor facade is a separate parity task; no u64 reinterpretation is allowed.
ldict_dictionary_get_text_bytes	crud-text	LdictStatus(const LdictDictionary*, const uint8_t*, size_t, uint8_t*, uint8_t*, size_t, size_t*, size_t*, uint8_t*)	int32(Pointer, Pointer, size_t, uint8 is rw, Pointer, size_t, size_t is rw, size_t is rw, uint8 is rw)	raw-only:byte-values	The revision-7 byte-value C ABI is declared, but the idiomatic Raku byte-value dictionary and cursor facade is a separate parity task; no u64 reinterpretation is allowed.
ldict_dictionary_get_u64_bytes	crud-u64	LdictStatus(const LdictDictionary*, const uint64_t*, size_t, uint8_t*, uint8_t*, size_t, size_t*, size_t*, uint8_t*)	int32(Pointer, Pointer, size_t, uint8 is rw, Pointer, size_t, size_t is rw, size_t is rw, uint8 is rw)	raw-only:byte-values	The revision-7 byte-value C ABI is declared, but the idiomatic Raku byte-value dictionary and cursor facade is a separate parity task; no u64 reinterpretation is allowed.
ldict_dictionary_byte_entries_open	collection	LdictStatus(const LdictDictionary*, LdictByteEntryCursor**, LdictByteEntriesInfo*)	int32(Pointer, Pointer is rw, Pointer)	raw-only:byte-values	The revision-7 byte-value C ABI is declared, but the idiomatic Raku byte-value dictionary and cursor facade is a separate parity task; no u64 reinterpretation is allowed.
ldict_byte_entry_cursor_next	collection	LdictStatus(LdictByteEntryCursor*, const LdictByteEntryBatchLimits*, LdictByteEntryBatch*)	int32(Pointer, Pointer, Pointer)	raw-only:byte-values	The revision-7 byte-value C ABI is declared, but the idiomatic Raku byte-value dictionary and cursor facade is a separate parity task; no u64 reinterpretation is allowed.
ldict_byte_entry_cursor_release	collection	LdictStatus(LdictByteEntryCursor*, uint64_t)	int32(Pointer, uint64)	raw-only:byte-values	The revision-7 byte-value C ABI is declared, but the idiomatic Raku byte-value dictionary and cursor facade is a separate parity task; no u64 reinterpretation is allowed.
ldict_byte_entry_cursor_reduce	collection	LdictStatus(LdictByteEntryCursor*, const LdictByteEntryBatchLimits*, LdictByteEntryReducer, void*, size_t*)	int32(Pointer, Pointer, Pointer, Pointer, size_t is rw)	raw-only:byte-values	The revision-7 byte-value C ABI is declared, but the idiomatic Raku byte-value dictionary and cursor facade is a separate parity task; no u64 reinterpretation is allowed.
ldict_byte_entry_cursor_cancel	collection	LdictStatus(LdictByteEntryCursor*)	int32(Pointer)	raw-only:byte-values	The revision-7 byte-value C ABI is declared, but the idiomatic Raku byte-value dictionary and cursor facade is a separate parity task; no u64 reinterpretation is allowed.
ldict_byte_entry_cursor_free	collection	LdictStatus(LdictByteEntryCursor*)	int32(Pointer)	raw-only:byte-values	The revision-7 byte-value C ABI is declared, but the idiomatic Raku byte-value dictionary and cursor facade is a separate parity task; no u64 reinterpretation is allowed.
ldict_abi_version	meta	uint32_t()	uint32()	facade	-
ldict_api_revision	meta	uint32_t()	uint32()	facade	-
ldict_last_error_message	meta	const char*()	Str()	facade	-
ldict_dynamic_dawg_new	constructor	LdictStatus(uint32_t, LdictDictionary**)	int32(uint32, Pointer is rw)	facade	-
ldict_double_array_trie_new	constructor	LdictStatus(uint32_t, const LdictTextEntry*, size_t, LdictDictionary**)	int32(uint32, Pointer, size_t, Pointer is rw)	facade	-
ldict_scdawg_new	constructor	LdictStatus(uint32_t, LdictDictionary**)	int32(uint32, Pointer is rw)	facade	-
ldict_persistent_artrie_create	constructor	LdictStatus(uint32_t, const uint8_t*, size_t, LdictDictionary**)	int32(uint32, Pointer, size_t, Pointer is rw)	facade	-
ldict_persistent_artrie_open	constructor	LdictStatus(uint32_t, const uint8_t*, size_t, LdictDictionary**)	int32(uint32, Pointer, size_t, Pointer is rw)	facade	-
ldict_persistent_vocab_create	constructor	LdictStatus(const uint8_t*, size_t, LdictDictionary**)	int32(Pointer, size_t, Pointer is rw)	facade	-
ldict_persistent_vocab_open	constructor	LdictStatus(const uint8_t*, size_t, LdictDictionary**)	int32(Pointer, size_t, Pointer is rw)	facade	-
ldict_dictionary_kind	handle	LdictStatus(const LdictDictionary*, uint32_t*)	int32(Pointer, uint32 is rw)	facade	-
ldict_dictionary_capabilities	handle	LdictStatus(const LdictDictionary*, uint64_t*)	int32(Pointer, uint64 is rw)	facade	-
ldict_dictionary_free	handle	void(LdictDictionary*)	void(Pointer)	facade	-
ldict_dictionary_resource	handle	LdictStatus(const LdictDictionary*, VtResource*)	int32(Pointer, RawResource)	facade	-
ldict_dictionary_algebra	algebra	LdictStatus(const LdictDictionary*, const LdictDictionary*, uint32_t, uint32_t, LdictDictionary**)	int32(Pointer, Pointer, uint32, uint32, Pointer is rw)	facade	-
ldict_dictionary_entries_open	collection	LdictStatus(const LdictDictionary*, LdictEntryCursor**, LdictEntriesInfo*)	int32(Pointer, Pointer is rw, Pointer)	raw-only:entry-cursor	The idiomatic facade traverses retained Vinary-Tree-Interop snapshots; the project-owned cursor ABI remains available only as a low-level declaration.
ldict_entry_cursor_next	collection	LdictStatus(LdictEntryCursor*, const LdictEntryBatchLimits*, LdictEntryBatch*)	int32(Pointer, Pointer, Pointer)	raw-only:entry-cursor	The idiomatic facade traverses retained Vinary-Tree-Interop snapshots; the project-owned cursor ABI remains available only as a low-level declaration.
ldict_entry_cursor_release	collection	LdictStatus(LdictEntryCursor*, uint64_t)	int32(Pointer, uint64)	raw-only:entry-cursor	The idiomatic facade traverses retained Vinary-Tree-Interop snapshots; the project-owned cursor ABI remains available only as a low-level declaration.
ldict_entry_cursor_reduce	collection	LdictStatus(LdictEntryCursor*, const LdictEntryBatchLimits*, LdictEntryReducer, void*, size_t*)	int32(Pointer, Pointer, Pointer, Pointer, size_t is rw)	raw-only:entry-cursor	The idiomatic facade traverses retained Vinary-Tree-Interop snapshots; the project-owned cursor ABI remains available only as a low-level declaration.
ldict_entry_cursor_cancel	collection	LdictStatus(LdictEntryCursor*)	int32(Pointer)	raw-only:entry-cursor	The idiomatic facade traverses retained Vinary-Tree-Interop snapshots; the project-owned cursor ABI remains available only as a low-level declaration.
ldict_entry_cursor_free	collection	LdictStatus(LdictEntryCursor*)	int32(Pointer)	raw-only:entry-cursor	The idiomatic facade traverses retained Vinary-Tree-Interop snapshots; the project-owned cursor ABI remains available only as a low-level declaration.
ldict_dictionary_len	handle	LdictStatus(const LdictDictionary*, size_t*)	int32(Pointer, size_t is rw)	facade	-
ldict_dictionary_checkpoint	maintenance	LdictStatus(LdictDictionary*)	int32(Pointer)	facade	-
ldict_vocab_get_term	vocabulary	LdictStatus(const LdictDictionary*, uint64_t, uint8_t*, size_t, size_t*, uint8_t*)	int32(Pointer, uint64, Pointer, size_t, size_t is rw, uint8 is rw)	facade	-
ldict_dictionary_clear	maintenance	LdictStatus(LdictDictionary*)	int32(Pointer)	facade	-
ldict_dictionary_compact	maintenance	LdictStatus(LdictDictionary*, size_t*)	int32(Pointer, size_t is rw)	facade	-
ldict_dictionary_insert_text	crud-text	LdictStatus(LdictDictionary*, const uint8_t*, size_t, LdictOptionalU64, uint8_t*)	int32(Pointer, Pointer, size_t, OptionalValue, uint8 is rw)	raw-only:legacy-optional-insert	The facade uses the explicit scalar-value insertion call to preserve valueless versus zero semantics.
ldict_dictionary_insert_text_value	crud-text	LdictStatus(LdictDictionary*, const uint8_t*, size_t, uint64_t, uint8_t, uint8_t*)	int32(Pointer, Pointer, size_t, uint64, uint8, uint8 is rw)	facade	-
ldict_dictionary_remove_text	crud-text	LdictStatus(LdictDictionary*, const uint8_t*, size_t, uint8_t*)	int32(Pointer, Pointer, size_t, uint8 is rw)	facade	-
ldict_dictionary_contains_text	crud-text	LdictStatus(const LdictDictionary*, const uint8_t*, size_t, uint8_t*)	int32(Pointer, Pointer, size_t, uint8 is rw)	facade	-
ldict_dictionary_get_text	crud-text	LdictStatus(const LdictDictionary*, const uint8_t*, size_t, uint8_t*, LdictOptionalU64*)	int32(Pointer, Pointer, size_t, uint8 is rw, OptionalValue)	facade	-
ldict_dictionary_get_text_value	crud-text	LdictStatus(const LdictDictionary*, const uint8_t*, size_t, uint8_t*, uint64_t*, uint8_t*)	int32(Pointer, Pointer, size_t, uint8 is rw, uint64 is rw, uint8 is rw)	raw-only:legacy-scalar-getter	The facade uses the optional-value output struct and membership flag instead of the older scalar getter.
ldict_dictionary_insert_u64	crud-u64	LdictStatus(LdictDictionary*, const uint64_t*, size_t, LdictOptionalU64, uint8_t*)	int32(Pointer, Pointer, size_t, OptionalValue, uint8 is rw)	raw-only:legacy-optional-insert	The facade uses the explicit scalar-value insertion call to preserve valueless versus zero semantics.
ldict_dictionary_insert_u64_value	crud-u64	LdictStatus(LdictDictionary*, const uint64_t*, size_t, uint64_t, uint8_t, uint8_t*)	int32(Pointer, Pointer, size_t, uint64, uint8, uint8 is rw)	facade	-
ldict_dictionary_remove_u64	crud-u64	LdictStatus(LdictDictionary*, const uint64_t*, size_t, uint8_t*)	int32(Pointer, Pointer, size_t, uint8 is rw)	facade	-
ldict_dictionary_contains_u64	crud-u64	LdictStatus(const LdictDictionary*, const uint64_t*, size_t, uint8_t*)	int32(Pointer, Pointer, size_t, uint8 is rw)	facade	-
ldict_dictionary_get_u64	crud-u64	LdictStatus(const LdictDictionary*, const uint64_t*, size_t, uint8_t*, LdictOptionalU64*)	int32(Pointer, Pointer, size_t, uint8 is rw, OptionalValue)	facade	-
ldict_dictionary_get_u64_value	crud-u64	LdictStatus(const LdictDictionary*, const uint64_t*, size_t, uint8_t*, uint64_t*, uint8_t*)	int32(Pointer, Pointer, size_t, uint8 is rw, uint64 is rw, uint8 is rw)	raw-only:legacy-scalar-getter	The facade uses the optional-value output struct and membership flag instead of the older scalar getter.
ldict_scdawg_contains_substring	substring	LdictStatus(const LdictDictionary*, const uint8_t*, size_t, uint8_t*)	int32(Pointer, Pointer, size_t, uint8 is rw)	facade	-
ldict_scdawg_substring_frequency	substring	LdictStatus(const LdictDictionary*, const uint8_t*, size_t, size_t*)	int32(Pointer, Pointer, size_t, size_t is rw)	facade	-
ldict_dictionary_insert_text_batch	batch	LdictStatus(LdictDictionary*, const LdictTextEntry*, size_t, size_t*)	int32(Pointer, Pointer, size_t, size_t is rw)	facade	-
ldict_dictionary_insert_u64_batch	batch	LdictStatus(LdictDictionary*, const LdictU64Entry*, size_t, size_t*)	int32(Pointer, Pointer, size_t, size_t is rw)	facade	-
